<?xml version="1.0" encoding="UTF-8"?><CodeSystem xmlns="http://hl7.org/fhir"><id value="ClasificacionDesenlaceCS"/><text><status value="generated"/><div xmlns="http://www.w3.org/1999/xhtml"><p>This case-insensitive code system <code>https://paho.org/fhir/esavi/CodeSystem/ClasificacionDesenlaceCS</code> defines the following codes:</p><table class="codes"><tr><td style="white-space:nowrap"><b>Code</b></td><td><b>Display</b></td></tr><tr><td style="white-space:nowrap">1<a name="ClasificacionDesenlaceCS-1"> </a></td><td>Completely Recovered</td></tr><tr><td style="white-space:nowrap">2<a name="ClasificacionDesenlaceCS-2"> </a></td><td>In recovery</td></tr><tr><td style="white-space:nowrap">3<a name="ClasificacionDesenlaceCS-3"> </a></td><td>Not recovered</td></tr><tr><td style="white-space:nowrap">4<a name="ClasificacionDesenlaceCS-4"> </a></td><td>Recovered with consequences</td></tr><tr><td style="white-space:nowrap">5<a name="ClasificacionDesenlaceCS-5"> </a></td><td>Death</td></tr><tr><td style="white-space:nowrap">0<a name="ClasificacionDesenlaceCS-0"> </a></td><td>Unknown</td></tr></table></div></text><url value="https://paho.org/fhir/esavi/CodeSystem/ClasificacionDesenlaceCS"/><version value="0.1.44"/><name value="ClasificacionDesenlaceCS"/><title value="Outcomes After ESAVI"/><status value="active"/><experimental value="false"/><date value="2021-03-11T00:00:00-03:00"/><publisher value="ESAVI -"/><contact><name value="ESAVI -"/><telecom><system value="url"/><value value="https://covid-19pharmacovigilance.paho.org/resources/updates-on-aefi"/></telecom><telecom><system value="email"/><value value="rizzatodan@paho.org"/></telecom></contact><description value="Classification of Outcome After Suffering ESAVI"/><jurisdiction><coding><system value="http://unstats.un.org/unsd/methods/m49/m49.htm"/><code value="001"/></coding></jurisdiction><caseSensitive value="false"/><content value="complete"/><count value="6"/><concept><code value="1"/><display value="Completely Recovered"/></concept><concept><code value="2"/><display value="In recovery"/></concept><concept><code value="3"/><display value="Not recovered"/></concept><concept><code value="4"/><display value="Recovered with consequences"/></concept><concept><code value="5"/><display value="Death"/></concept><concept><code value="0"/><display value="Unknown"/></concept></CodeSystem>