<?xml version="1.0" encoding="UTF-8"?><CodeSystem xmlns="http://hl7.org/fhir"><id value="ClasificacionDesenlaceWHOUMCCS"/><text><status value="generated"/><div xmlns="http://www.w3.org/1999/xhtml"><p>This case-insensitive code system <code>https://paho.org/fhir/esavi/CodeSystem/ClasificacionDesenlaceWHOUMCCS</code> defines the following codes:</p><table class="codes"><tr><td style="white-space:nowrap"><b>Code</b></td><td><b>Display</b></td></tr><tr><td style="white-space:nowrap">01<a name="ClasificacionDesenlaceWHOUMCCS-01"> </a></td><td>Definitive</td></tr><tr><td style="white-space:nowrap">02<a name="ClasificacionDesenlaceWHOUMCCS-02"> </a></td><td>Probable</td></tr><tr><td style="white-space:nowrap">03<a name="ClasificacionDesenlaceWHOUMCCS-03"> </a></td><td>Possible</td></tr><tr><td style="white-space:nowrap">04<a name="ClasificacionDesenlaceWHOUMCCS-04"> </a></td><td>Unlikely</td></tr><tr><td style="white-space:nowrap">05<a name="ClasificacionDesenlaceWHOUMCCS-05"> </a></td><td>Conditional / Not classified</td></tr><tr><td style="white-space:nowrap">06<a name="ClasificacionDesenlaceWHOUMCCS-06"> </a></td><td>Not evaluable / Not classifiable</td></tr></table></div></text><url value="https://paho.org/fhir/esavi/CodeSystem/ClasificacionDesenlaceWHOUMCCS"/><version value="0.1.44"/><name value="ClasificacionDesenlaceWHOUMCCS"/><title value="WHO-UMC Causality Classification"/><status value="active"/><experimental value="false"/><date value="2021-03-11T00:00:00-03:00"/><publisher value="ESAVI -"/><contact><name value="ESAVI -"/><telecom><system value="url"/><value value="https://covid-19pharmacovigilance.paho.org/resources/updates-on-aefi"/></telecom><telecom><system value="email"/><value value="rizzatodan@paho.org"/></telecom></contact><description value="WHO-UMC causality classification method"/><jurisdiction><coding><system value="http://unstats.un.org/unsd/methods/m49/m49.htm"/><code value="001"/></coding></jurisdiction><caseSensitive value="false"/><content value="complete"/><count value="6"/><concept><code value="01"/><display value="Definitive"/></concept><concept><code value="02"/><display value="Probable"/></concept><concept><code value="03"/><display value="Possible"/></concept><concept><code value="04"/><display value="Unlikely"/></concept><concept><code value="05"/><display value="Conditional / Not classified"/></concept><concept><code value="06"/><display value="Not evaluable / Not classifiable"/></concept></CodeSystem>