<?xml version="1.0" encoding="UTF-8"?><ImplementationGuide xmlns="http://hl7.org/fhir"><id value="uv.esavi"/><text><status value="extensions"/><div xmlns="http://www.w3.org/1999/xhtml"><h2>ESAVI</h2><p>The official URL for this implementation guide is: </p><pre>https://paho.org/fhir/esavi/ImplementationGuide/uv.esavi</pre></div></text><url value="https://paho.org/fhir/esavi/ImplementationGuide/uv.esavi"/><version value="0.1.44"/><name value="ESAVI"/><title value="ESAVI FHIR Implementation Guide"/><status value="draft"/><date value="2024-02-26T12:52:04-03:00"/><publisher value="ESAVI -"/><contact><name value="ESAVI -"/><telecom><system value="url"/><value value="https://covid-19pharmacovigilance.paho.org/resources/updates-on-aefi"/></telecom><telecom><system value="email"/><value value="rizzatodan@paho.org"/></telecom></contact><jurisdiction><coding><system value="http://unstats.un.org/unsd/methods/m49/m49.htm"/><code value="001"/></coding></jurisdiction><packageId value="uv.esavi"/><license value="CC0-1.0"/><fhirVersion value="4.0.1"/><dependsOn id="hl7tx"><extension url="http://hl7.org/fhir/tools/StructureDefinition/implementationguide-dependency-comment"><valueMarkdown value="Automatically added as a dependency - all IGs depend on HL7 Terminology"/></extension><uri value="http://terminology.hl7.org/ImplementationGuide/hl7.terminology"/><packageId value="hl7.terminology.r4"/><version value="5.3.0"/></dependsOn><dependsOn id="hl7ext"><extension url="http://hl7.org/fhir/tools/StructureDefinition/implementationguide-dependency-comment"><valueMarkdown value="Automatically added as a dependency - all IGs depend on the HL7 Extension Pack"/></extension><uri value="http://hl7.org/fhir/extensions/ImplementationGuide/hl7.fhir.uv.extensions"/><packageId value="hl7.fhir.uv.extensions.r4"/><version value="1.0.0"/></dependsOn><definition><extension url="http://hl7.org/fhir/tools/StructureDefinition/ig-parameter"><extension url="code"><valueString value="copyrightyear"/></extension><extension url="value"><valueString value="2021+"/></extension></extension><extension url="http://hl7.org/fhir/tools/StructureDefinition/ig-parameter"><extension url="code"><valueString value="releaselabel"/></extension><extension url="value"><valueString value="ci-build"/></extension></extension><extension url="http://hl7.org/fhir/tools/StructureDefinition/ig-parameter"><extension url="code"><valueString value="autoload-resources"/></extension><extension url="value"><valueString value="true"/></extension></extension><extension url="http://hl7.org/fhir/tools/StructureDefinition/ig-parameter"><extension url="code"><valueString value="path-liquid"/></extension><extension url="value"><valueString value="template/liquid"/></extension></extension><extension url="http://hl7.org/fhir/tools/StructureDefinition/ig-parameter"><extension url="code"><valueString value="path-liquid"/></extension><extension url="value"><valueString value="input/liquid"/></extension></extension><extension url="http://hl7.org/fhir/tools/StructureDefinition/ig-parameter"><extension url="code"><valueString value="path-qa"/></extension><extension url="value"><valueString value="temp/qa"/></extension></extension><extension url="http://hl7.org/fhir/tools/StructureDefinition/ig-parameter"><extension url="code"><valueString value="path-temp"/></extension><extension url="value"><valueString value="temp/pages"/></extension></extension><extension url="http://hl7.org/fhir/tools/StructureDefinition/ig-parameter"><extension url="code"><valueString value="path-output"/></extension><extension url="value"><valueString value="output"/></extension></extension><extension url="http://hl7.org/fhir/tools/StructureDefinition/ig-parameter"><extension url="code"><valueString value="path-suppressed-warnings"/></extension><extension url="value"><valueString value="input/ignoreWarnings.txt"/></extension></extension><extension url="http://hl7.org/fhir/tools/StructureDefinition/ig-parameter"><extension url="code"><valueString value="path-history"/></extension><extension url="value"><valueString value="https://paho.org/fhir/esavi/history.html"/></extension></extension><extension url="http://hl7.org/fhir/tools/StructureDefinition/ig-parameter"><extension url="code"><valueString value="template-html"/></extension><extension url="value"><valueString value="template-page.html"/></extension></extension><extension url="http://hl7.org/fhir/tools/StructureDefinition/ig-parameter"><extension url="code"><valueString value="template-md"/></extension><extension url="value"><valueString value="template-page-md.html"/></extension></extension><extension url="http://hl7.org/fhir/tools/StructureDefinition/ig-parameter"><extension url="code"><valueString value="apply-contact"/></extension><extension url="value"><valueString value="true"/></extension></extension><extension url="http://hl7.org/fhir/tools/StructureDefinition/ig-parameter"><extension url="code"><valueString value="apply-context"/></extension><extension url="value"><valueString value="true"/></extension></extension><extension url="http://hl7.org/fhir/tools/StructureDefinition/ig-parameter"><extension url="code"><valueString value="apply-copyright"/></extension><extension url="value"><valueString value="true"/></extension></extension><extension url="http://hl7.org/fhir/tools/StructureDefinition/ig-parameter"><extension url="code"><valueString value="apply-jurisdiction"/></extension><extension url="value"><valueString value="true"/></extension></extension><extension url="http://hl7.org/fhir/tools/StructureDefinition/ig-parameter"><extension url="code"><valueString value="apply-license"/></extension><extension url="value"><valueString value="true"/></extension></extension><extension url="http://hl7.org/fhir/tools/StructureDefinition/ig-parameter"><extension url="code"><valueString value="apply-publisher"/></extension><extension url="value"><valueString value="true"/></extension></extension><extension url="http://hl7.org/fhir/tools/StructureDefinition/ig-parameter"><extension url="code"><valueString value="apply-version"/></extension><extension url="value"><valueString value="true"/></extension></extension><extension url="http://hl7.org/fhir/tools/StructureDefinition/ig-parameter"><extension url="code"><valueString value="apply-wg"/></extension><extension url="value"><valueString value="true"/></extension></extension><extension url="http://hl7.org/fhir/tools/StructureDefinition/ig-parameter"><extension url="code"><valueString value="active-tables"/></extension><extension url="value"><valueString value="true"/></extension></extension><extension url="http://hl7.org/fhir/tools/StructureDefinition/ig-parameter"><extension url="code"><valueString value="fmm-definition"/></extension><extension url="value"><valueString value="http://hl7.org/fhir/versions.html#maturity"/></extension></extension><extension url="http://hl7.org/fhir/tools/StructureDefinition/ig-parameter"><extension url="code"><valueString value="propagate-status"/></extension><extension url="value"><valueString value="true"/></extension></extension><extension url="http://hl7.org/fhir/tools/StructureDefinition/ig-parameter"><extension url="code"><valueString value="excludelogbinaryformat"/></extension><extension url="value"><valueString value="true"/></extension></extension><extension url="http://hl7.org/fhir/tools/StructureDefinition/ig-parameter"><extension url="code"><valueString value="tabbed-snapshots"/></extension><extension url="value"><valueString value="true"/></extension></extension><extension url="http://hl7.org/fhir/tools/StructureDefinition/ig-internal-dependency"><valueCode value="hl7.fhir.uv.tools#current"/></extension><extension url="http://hl7.org/fhir/tools/StructureDefinition/ig-parameter"><extension url="code"><valueCode value="copyrightyear"/></extension><extension url="value"><valueString value="2021+"/></extension></extension><extension url="http://hl7.org/fhir/tools/StructureDefinition/ig-parameter"><extension url="code"><valueCode value="releaselabel"/></extension><extension url="value"><valueString value="ci-build"/></extension></extension><extension url="http://hl7.org/fhir/tools/StructureDefinition/ig-parameter"><extension url="code"><valueCode value="autoload-resources"/></extension><extension url="value"><valueString value="true"/></extension></extension><extension url="http://hl7.org/fhir/tools/StructureDefinition/ig-parameter"><extension url="code"><valueCode value="path-liquid"/></extension><extension url="value"><valueString value="template/liquid"/></extension></extension><extension url="http://hl7.org/fhir/tools/StructureDefinition/ig-parameter"><extension url="code"><valueCode value="path-liquid"/></extension><extension url="value"><valueString value="input/liquid"/></extension></extension><extension url="http://hl7.org/fhir/tools/StructureDefinition/ig-parameter"><extension url="code"><valueCode value="path-qa"/></extension><extension url="value"><valueString value="temp/qa"/></extension></extension><extension url="http://hl7.org/fhir/tools/StructureDefinition/ig-parameter"><extension url="code"><valueCode value="path-temp"/></extension><extension url="value"><valueString value="temp/pages"/></extension></extension><extension url="http://hl7.org/fhir/tools/StructureDefinition/ig-parameter"><extension url="code"><valueCode value="path-output"/></extension><extension url="value"><valueString value="output"/></extension></extension><extension url="http://hl7.org/fhir/tools/StructureDefinition/ig-parameter"><extension url="code"><valueCode value="path-suppressed-warnings"/></extension><extension url="value"><valueString value="input/ignoreWarnings.txt"/></extension></extension><extension url="http://hl7.org/fhir/tools/StructureDefinition/ig-parameter"><extension url="code"><valueCode value="path-history"/></extension><extension url="value"><valueString value="https://paho.org/fhir/esavi/history.html"/></extension></extension><extension url="http://hl7.org/fhir/tools/StructureDefinition/ig-parameter"><extension url="code"><valueCode value="template-html"/></extension><extension url="value"><valueString value="template-page.html"/></extension></extension><extension url="http://hl7.org/fhir/tools/StructureDefinition/ig-parameter"><extension url="code"><valueCode value="template-md"/></extension><extension url="value"><valueString value="template-page-md.html"/></extension></extension><extension url="http://hl7.org/fhir/tools/StructureDefinition/ig-parameter"><extension url="code"><valueCode value="apply-contact"/></extension><extension url="value"><valueString value="true"/></extension></extension><extension url="http://hl7.org/fhir/tools/StructureDefinition/ig-parameter"><extension url="code"><valueCode value="apply-context"/></extension><extension url="value"><valueString value="true"/></extension></extension><extension url="http://hl7.org/fhir/tools/StructureDefinition/ig-parameter"><extension url="code"><valueCode value="apply-copyright"/></extension><extension url="value"><valueString value="true"/></extension></extension><extension url="http://hl7.org/fhir/tools/StructureDefinition/ig-parameter"><extension url="code"><valueCode value="apply-jurisdiction"/></extension><extension url="value"><valueString value="true"/></extension></extension><extension url="http://hl7.org/fhir/tools/StructureDefinition/ig-parameter"><extension url="code"><valueCode value="apply-license"/></extension><extension url="value"><valueString value="true"/></extension></extension><extension url="http://hl7.org/fhir/tools/StructureDefinition/ig-parameter"><extension url="code"><valueCode value="apply-publisher"/></extension><extension url="value"><valueString value="true"/></extension></extension><extension url="http://hl7.org/fhir/tools/StructureDefinition/ig-parameter"><extension url="code"><valueCode value="apply-version"/></extension><extension url="value"><valueString value="true"/></extension></extension><extension url="http://hl7.org/fhir/tools/StructureDefinition/ig-parameter"><extension url="code"><valueCode value="apply-wg"/></extension><extension url="value"><valueString value="true"/></extension></extension><extension url="http://hl7.org/fhir/tools/StructureDefinition/ig-parameter"><extension url="code"><valueCode value="active-tables"/></extension><extension url="value"><valueString value="true"/></extension></extension><extension url="http://hl7.org/fhir/tools/StructureDefinition/ig-parameter"><extension url="code"><valueCode value="fmm-definition"/></extension><extension url="value"><valueString value="http://hl7.org/fhir/versions.html#maturity"/></extension></extension><extension url="http://hl7.org/fhir/tools/StructureDefinition/ig-parameter"><extension url="code"><valueCode value="propagate-status"/></extension><extension url="value"><valueString value="true"/></extension></extension><extension url="http://hl7.org/fhir/tools/StructureDefinition/ig-parameter"><extension url="code"><valueCode value="excludelogbinaryformat"/></extension><extension url="value"><valueString value="true"/></extension></extension><extension url="http://hl7.org/fhir/tools/StructureDefinition/ig-parameter"><extension url="code"><valueCode value="tabbed-snapshots"/></extension><extension url="value"><valueString value="true"/></extension></extension><extension url="http://hl7.org/fhir/tools/StructureDefinition/ig-parameter"><extension url="code"><valueCode value="copyrightyear"/></extension><extension url="value"><valueString value="2021+"/></extension></extension><extension url="http://hl7.org/fhir/tools/StructureDefinition/ig-parameter"><extension url="code"><valueCode value="releaselabel"/></extension><extension url="value"><valueString value="ci-build"/></extension></extension><extension url="http://hl7.org/fhir/tools/StructureDefinition/ig-parameter"><extension url="code"><valueCode value="autoload-resources"/></extension><extension url="value"><valueString value="true"/></extension></extension><extension url="http://hl7.org/fhir/tools/StructureDefinition/ig-parameter"><extension url="code"><valueCode value="path-liquid"/></extension><extension url="value"><valueString value="template/liquid"/></extension></extension><extension url="http://hl7.org/fhir/tools/StructureDefinition/ig-parameter"><extension url="code"><valueCode value="path-liquid"/></extension><extension url="value"><valueString value="input/liquid"/></extension></extension><extension url="http://hl7.org/fhir/tools/StructureDefinition/ig-parameter"><extension url="code"><valueCode value="path-qa"/></extension><extension url="value"><valueString value="temp/qa"/></extension></extension><extension url="http://hl7.org/fhir/tools/StructureDefinition/ig-parameter"><extension url="code"><valueCode value="path-temp"/></extension><extension url="value"><valueString value="temp/pages"/></extension></extension><extension url="http://hl7.org/fhir/tools/StructureDefinition/ig-parameter"><extension url="code"><valueCode value="path-output"/></extension><extension url="value"><valueString value="output"/></extension></extension><extension url="http://hl7.org/fhir/tools/StructureDefinition/ig-parameter"><extension url="code"><valueCode value="path-suppressed-warnings"/></extension><extension url="value"><valueString value="input/ignoreWarnings.txt"/></extension></extension><extension url="http://hl7.org/fhir/tools/StructureDefinition/ig-parameter"><extension url="code"><valueCode value="path-history"/></extension><extension url="value"><valueString value="https://paho.org/fhir/esavi/history.html"/></extension></extension><extension url="http://hl7.org/fhir/tools/StructureDefinition/ig-parameter"><extension url="code"><valueCode value="template-html"/></extension><extension url="value"><valueString value="template-page.html"/></extension></extension><extension url="http://hl7.org/fhir/tools/StructureDefinition/ig-parameter"><extension url="code"><valueCode value="template-md"/></extension><extension url="value"><valueString value="template-page-md.html"/></extension></extension><extension url="http://hl7.org/fhir/tools/StructureDefinition/ig-parameter"><extension url="code"><valueCode value="apply-contact"/></extension><extension url="value"><valueString value="true"/></extension></extension><extension url="http://hl7.org/fhir/tools/StructureDefinition/ig-parameter"><extension url="code"><valueCode value="apply-context"/></extension><extension url="value"><valueString value="true"/></extension></extension><extension url="http://hl7.org/fhir/tools/StructureDefinition/ig-parameter"><extension url="code"><valueCode value="apply-copyright"/></extension><extension url="value"><valueString value="true"/></extension></extension><extension url="http://hl7.org/fhir/tools/StructureDefinition/ig-parameter"><extension url="code"><valueCode value="apply-jurisdiction"/></extension><extension url="value"><valueString value="true"/></extension></extension><extension url="http://hl7.org/fhir/tools/StructureDefinition/ig-parameter"><extension url="code"><valueCode value="apply-license"/></extension><extension url="value"><valueString value="true"/></extension></extension><extension url="http://hl7.org/fhir/tools/StructureDefinition/ig-parameter"><extension url="code"><valueCode value="apply-publisher"/></extension><extension url="value"><valueString value="true"/></extension></extension><extension url="http://hl7.org/fhir/tools/StructureDefinition/ig-parameter"><extension url="code"><valueCode value="apply-version"/></extension><extension url="value"><valueString value="true"/></extension></extension><extension url="http://hl7.org/fhir/tools/StructureDefinition/ig-parameter"><extension url="code"><valueCode value="apply-wg"/></extension><extension url="value"><valueString value="true"/></extension></extension><extension url="http://hl7.org/fhir/tools/StructureDefinition/ig-parameter"><extension url="code"><valueCode value="active-tables"/></extension><extension url="value"><valueString value="true"/></extension></extension><extension url="http://hl7.org/fhir/tools/StructureDefinition/ig-parameter"><extension url="code"><valueCode value="fmm-definition"/></extension><extension url="value"><valueString value="http://hl7.org/fhir/versions.html#maturity"/></extension></extension><extension url="http://hl7.org/fhir/tools/StructureDefinition/ig-parameter"><extension url="code"><valueCode value="propagate-status"/></extension><extension url="value"><valueString value="true"/></extension></extension><extension url="http://hl7.org/fhir/tools/StructureDefinition/ig-parameter"><extension url="code"><valueCode value="excludelogbinaryformat"/></extension><extension url="value"><valueString value="true"/></extension></extension><extension url="http://hl7.org/fhir/tools/StructureDefinition/ig-parameter"><extension url="code"><valueCode value="tabbed-snapshots"/></extension><extension url="value"><valueString value="true"/></extension></extension><grouping id="-str-profile"><name value="Structures: Resource Profiles"/><description value="These define constraints on FHIR resources for systems conforming to this implementation guide."/></grouping><grouping id="-term-valueset"><name value="Terminology: Value Sets"/><description value="These define sets of codes used by systems conforming to this implementation guide."/></grouping><grouping id="-term-codesystem"><name value="Terminology: Code Systems"/><description value="These define new code systems used by systems conforming to this implementation guide."/></grouping><grouping id="-ex-example"><name value="Example: Example Instances"/><description value="These are example instances that show what data produced and consumed by systems conforming with this implementation guide might look like."/></grouping><resource><extension url="http://hl7.org/fhir/tools/StructureDefinition/resource-sort"><valueInteger value="999999999"/></extension><extension url="http://hl7.org/fhir/StructureDefinition/implementationguide-page"><valueUri value="StructureDefinition-ESAVIQuestionnaireResponse.html"/></extension><reference><reference value="StructureDefinition/ESAVIQuestionnaireResponse"/></reference><name value="ESAVI Questionnaire Response"/><description value="Profile with the minimum elements to consider to generate the response to the PAHO ESAVI questionnaire"/><exampleBoolean value="false"/><groupingId value="-str-profile"/></resource><resource><extension url="http://hl7.org/fhir/tools/StructureDefinition/resource-sort"><valueInteger value="999999999"/></extension><extension url="http://hl7.org/fhir/StructureDefinition/implementationguide-page"><valueUri value="ValueSet-ModoConfirmacionInfeccionVS.html"/></extension><reference><reference value="ValueSet/ModoConfirmacionInfeccionVS"/></reference><name value="COVID-19 Infection Confirmation Modes"/><description value="Modes of Confirmation of COVID-19 Infection"/><exampleBoolean value="false"/><groupingId value="-term-valueset"/></resource><resource><extension url="http://hl7.org/fhir/tools/StructureDefinition/resource-sort"><valueInteger value="999999999"/></extension><extension url="http://hl7.org/fhir/StructureDefinition/implementationguide-page"><valueUri value="ValueSet-SistemasDeCodificacionVS.html"/></extension><reference><reference value="ValueSet/SistemasDeCodificacionVS"/></reference><name value="Coding Systems"/><description value="Coding Systems for Code Determination"/><exampleBoolean value="false"/><groupingId value="-term-valueset"/></resource><resource><extension url="http://hl7.org/fhir/tools/StructureDefinition/resource-sort"><valueInteger value="999999999"/></extension><extension url="http://hl7.org/fhir/StructureDefinition/implementationguide-page"><valueUri value="ValueSet-codCountries.html"/></extension><reference><reference value="ValueSet/codCountries"/></reference><name value="Country Codes"/><description value="Codes defined for the identification of countries according to ISO3166-N standard"/><exampleBoolean value="false"/><groupingId value="-term-valueset"/></resource><resource><extension url="http://hl7.org/fhir/tools/StructureDefinition/resource-sort"><valueInteger value="999999999"/></extension><extension url="http://hl7.org/fhir/StructureDefinition/implementationguide-page"><valueUri value="ValueSet-FormaFarmaceuticaVS.html"/></extension><reference><reference value="ValueSet/FormaFarmaceuticaVS"/></reference><name value="Identification of Pharmaceutical Forms"/><description value="Describes and lists the pharmaceutical forms of medications for registration in ESAVI according to SNOMED CT"/><exampleBoolean value="false"/><groupingId value="-term-valueset"/></resource><resource><extension url="http://hl7.org/fhir/tools/StructureDefinition/resource-sort"><valueInteger value="999999999"/></extension><extension url="http://hl7.org/fhir/StructureDefinition/implementationguide-page"><valueUri value="ValueSet-ComplicacionEmbarazoMedDRAVS.html"/></extension><reference><reference value="ValueSet/ComplicacionEmbarazoMedDRAVS"/></reference><name value="MEDDRA Codes Complications in Pregnancy ESAVI"/><description value="Standardized coding of diagnoses of pregnancy complications using MedDRA codes"/><exampleBoolean value="false"/><groupingId value="-term-valueset"/></resource><resource><extension url="http://hl7.org/fhir/tools/StructureDefinition/resource-sort"><valueInteger value="999999999"/></extension><extension url="http://hl7.org/fhir/StructureDefinition/implementationguide-page"><valueUri value="ValueSet-EsaviMedDRAVS.html"/></extension><reference><reference value="ValueSet/EsaviMedDRAVS"/></reference><name value="MedDRA Code of the Reported Adverse Event"/><description value="MedDRA Code of the Reported Adverse Event"/><exampleBoolean value="false"/><groupingId value="-term-valueset"/></resource><resource><extension url="http://hl7.org/fhir/tools/StructureDefinition/resource-sort"><valueInteger value="999999999"/></extension><extension url="http://hl7.org/fhir/StructureDefinition/implementationguide-page"><valueUri value="ValueSet-CodeMedDRAEnfPreviaVS.html"/></extension><reference><reference value="ValueSet/CodeMedDRAEnfPreviaVS"/></reference><name value="MedDRA codes to represent previous diseases in an ESAVI-PAHO"/><description value="Describes the previous diseases in an ESAVI coded in MedDRA"/><exampleBoolean value="false"/><groupingId value="-term-valueset"/></resource><resource><extension url="http://hl7.org/fhir/tools/StructureDefinition/resource-sort"><valueInteger value="999999999"/></extension><extension url="http://hl7.org/fhir/StructureDefinition/implementationguide-page"><valueUri value="ValueSet-ViaAdminMedicamentoVS.html"/></extension><reference><reference value="ValueSet/ViaAdminMedicamentoVS"/></reference><name value="Medication Administration Routes"/><description value="Describes and lists the routes of administration of medications for registration in ESAVI according to SNOMED CT"/><exampleBoolean value="false"/><groupingId value="-term-valueset"/></resource><resource><extension url="http://hl7.org/fhir/tools/StructureDefinition/resource-sort"><valueInteger value="999999999"/></extension><extension url="http://hl7.org/fhir/StructureDefinition/implementationguide-page"><valueUri value="ValueSet-CodigoMedicamentoVS.html"/></extension><reference><reference value="ValueSet/CodigoMedicamentoVS"/></reference><name value="Medication Code"/><description value="Medication Code"/><exampleBoolean value="false"/><groupingId value="-term-valueset"/></resource><resource><extension url="http://hl7.org/fhir/tools/StructureDefinition/resource-sort"><valueInteger value="999999999"/></extension><extension url="http://hl7.org/fhir/StructureDefinition/implementationguide-page"><valueUri value="ValueSet-ClasificacionDesenlaceNaranjoVS.html"/></extension><reference><reference value="ValueSet/ClasificacionDesenlaceNaranjoVS"/></reference><name value="Naranjo Causality Classification"/><description value="Naranjo causality classification method"/><exampleBoolean value="false"/><groupingId value="-term-valueset"/></resource><resource><extension url="http://hl7.org/fhir/tools/StructureDefinition/resource-sort"><valueInteger value="999999999"/></extension><extension url="http://hl7.org/fhir/StructureDefinition/implementationguide-page"><valueUri value="ValueSet-CodeNoWhoVacunaVS.html"/></extension><reference><reference value="ValueSet/CodeNoWhoVacunaVS"/></reference><name value="Non-WHODrug Vaccine Code"/><description value="Vaccine non-WHODrug code"/><exampleBoolean value="false"/><groupingId value="-term-valueset"/></resource><resource><extension url="http://hl7.org/fhir/tools/StructureDefinition/resource-sort"><valueInteger value="999999999"/></extension><extension url="http://hl7.org/fhir/StructureDefinition/implementationguide-page"><valueUri value="ValueSet-EsaviOtroVS.html"/></extension><reference><reference value="ValueSet/EsaviOtroVS"/></reference><name value="Other Adverse Event Codes"/><description value="Adverse event in another system according to Snomed and ICD-10"/><exampleBoolean value="false"/><groupingId value="-term-valueset"/></resource><resource><extension url="http://hl7.org/fhir/tools/StructureDefinition/resource-sort"><valueInteger value="999999999"/></extension><extension url="http://hl7.org/fhir/StructureDefinition/implementationguide-page"><valueUri value="ValueSet-ComplicacionEmbarazoOtrosVS.html"/></extension><reference><reference value="ValueSet/ComplicacionEmbarazoOtrosVS"/></reference><name value="Other ESAVI Pregnancy Complications Codes"/><description value="Standardized coding of diagnoses of pregnancy complications using Snomed and ICD-10 codes"/><exampleBoolean value="false"/><groupingId value="-term-valueset"/></resource><resource><extension url="http://hl7.org/fhir/tools/StructureDefinition/resource-sort"><valueInteger value="999999999"/></extension><extension url="http://hl7.org/fhir/StructureDefinition/implementationguide-page"><valueUri value="ValueSet-ClasificacionDesenlaceVS.html"/></extension><reference><reference value="ValueSet/ClasificacionDesenlaceVS"/></reference><name value="Outcomes After ESAVI"/><description value="Classification of Outcome After Suffering ESAVI"/><exampleBoolean value="false"/><groupingId value="-term-valueset"/></resource><resource><extension url="http://hl7.org/fhir/tools/StructureDefinition/resource-sort"><valueInteger value="999999999"/></extension><extension url="http://hl7.org/fhir/StructureDefinition/implementationguide-page"><valueUri value="ValueSet-DirOrgNotiVS.html"/></extension><reference><reference value="ValueSet/DirOrgNotiVS"/></reference><name value="PAHO Codes for Addresses"/><description value="Set of Values for direction according to OPS"/><exampleBoolean value="false"/><groupingId value="-term-valueset"/></resource><resource><extension url="http://hl7.org/fhir/tools/StructureDefinition/resource-sort"><valueInteger value="999999999"/></extension><extension url="http://hl7.org/fhir/StructureDefinition/implementationguide-page"><valueUri value="ValueSet-ComplicacionEmbarazoVS.html"/></extension><reference><reference value="ValueSet/ComplicacionEmbarazoVS"/></reference><name value="Pregnancy Complications"/><description value="Set of Values for the ESAVI Pregnancy Complications Section"/><exampleBoolean value="false"/><groupingId value="-term-valueset"/></resource><resource><extension url="http://hl7.org/fhir/tools/StructureDefinition/resource-sort"><valueInteger value="999999999"/></extension><extension url="http://hl7.org/fhir/StructureDefinition/implementationguide-page"><valueUri value="ValueSet-ModoVerificacionVacunaVS.html"/></extension><reference><reference value="ValueSet/ModoVerificacionVacunaVS"/></reference><name value="Previous Vaccine Verification Modes"/><description value="Vaccine Verification Modes or Completed Vaccination Schedule"/><exampleBoolean value="false"/><groupingId value="-term-valueset"/></resource><resource><extension url="http://hl7.org/fhir/tools/StructureDefinition/resource-sort"><valueInteger value="999999999"/></extension><extension url="http://hl7.org/fhir/StructureDefinition/implementationguide-page"><valueUri value="ValueSet-CodigosEnfPreviaVS.html"/></extension><reference><reference value="ValueSet/CodigosEnfPreviaVS"/></reference><name value="Previous illnesses in an ESAVI-PAHO"/><description value="Describes the previous diseases in an ESAVI coded in ICD10, ICD11 or SNOMED CT"/><exampleBoolean value="false"/><groupingId value="-term-valueset"/></resource><resource><extension url="http://hl7.org/fhir/tools/StructureDefinition/resource-sort"><valueInteger value="999999999"/></extension><extension url="http://hl7.org/fhir/StructureDefinition/implementationguide-page"><valueUri value="ValueSet-RespuestaSiNoNoSabeVS.html"/></extension><reference><reference value="ValueSet/RespuestaSiNoNoSabeVS"/></reference><name value="Simple Answers"/><description value="Codes to capture simple yes/no/don't know responses"/><exampleBoolean value="false"/><groupingId value="-term-valueset"/></resource><resource><extension url="http://hl7.org/fhir/tools/StructureDefinition/resource-sort"><valueInteger value="999999999"/></extension><extension url="http://hl7.org/fhir/StructureDefinition/implementationguide-page"><valueUri value="ValueSet-SistemaClasfCausalidadVS.html"/></extension><reference><reference value="ValueSet/SistemaClasfCausalidadVS"/></reference><name value="Type of Causality Classification Method"/><description value="Codes for Types and Causality Classification Methods"/><exampleBoolean value="false"/><groupingId value="-term-valueset"/></resource><resource><extension url="http://hl7.org/fhir/tools/StructureDefinition/resource-sort"><valueInteger value="999999999"/></extension><extension url="http://hl7.org/fhir/StructureDefinition/implementationguide-page"><valueUri value="ValueSet-ProfesionalNotificadorVS.html"/></extension><reference><reference value="ValueSet/ProfesionalNotificadorVS"/></reference><name value="Type of Notifying Professional"/><description value="ESAVI Notifier Type Codes for PAHO"/><exampleBoolean value="false"/><groupingId value="-term-valueset"/></resource><resource><extension url="http://hl7.org/fhir/tools/StructureDefinition/resource-sort"><valueInteger value="999999999"/></extension><extension url="http://hl7.org/fhir/StructureDefinition/implementationguide-page"><valueUri value="ValueSet-CodigoWhoFAbricanteVS.html"/></extension><reference><reference value="ValueSet/CodigoWhoFAbricanteVS"/></reference><name value="Vaccine Manufacturers"/><description value="WHO Vaccine Manufacturer Codes"/><exampleBoolean value="false"/><groupingId value="-term-valueset"/></resource><resource><extension url="http://hl7.org/fhir/tools/StructureDefinition/resource-sort"><valueInteger value="999999999"/></extension><extension url="http://hl7.org/fhir/StructureDefinition/implementationguide-page"><valueUri value="ValueSet-ClasificacionDesenlaceWHOAEFIVS.html"/></extension><reference><reference value="ValueSet/ClasificacionDesenlaceWHOAEFIVS"/></reference><name value="WHO-AEFI causality classification"/><description value="WHO-AEFI causality classification method"/><exampleBoolean value="false"/><groupingId value="-term-valueset"/></resource><resource><extension url="http://hl7.org/fhir/tools/StructureDefinition/resource-sort"><valueInteger value="999999999"/></extension><extension url="http://hl7.org/fhir/StructureDefinition/implementationguide-page"><valueUri value="ValueSet-ClassificacionDesenlaceWHOUMCVS.html"/></extension><reference><reference value="ValueSet/ClassificacionDesenlaceWHOUMCVS"/></reference><name value="WHO-UMC Causality Classification"/><description value="WHO-UMC causality classification method"/><exampleBoolean value="false"/><groupingId value="-term-valueset"/></resource><resource><extension url="http://hl7.org/fhir/tools/StructureDefinition/resource-sort"><valueInteger value="999999999"/></extension><extension url="http://hl7.org/fhir/StructureDefinition/implementationguide-page"><valueUri value="ValueSet-CodeWhoVacunaVS.html"/></extension><reference><reference value="ValueSet/CodeWhoVacunaVS"/></reference><name value="WHODrug code for the vaccine"/><description value="Standardized Coding of the Vaccine Code according to WhoDrug"/><exampleBoolean value="false"/><groupingId value="-term-valueset"/></resource><resource><extension url="http://hl7.org/fhir/tools/StructureDefinition/resource-sort"><valueInteger value="999999999"/></extension><extension url="http://hl7.org/fhir/StructureDefinition/implementationguide-page"><valueUri value="CodeSystem-SistemasDeCodificacionCS.html"/></extension><reference><reference value="CodeSystem/SistemasDeCodificacionCS"/></reference><name value="Coding Systems"/><description value="Coding Systems for Code Determination"/><exampleBoolean value="false"/><groupingId value="-term-codesystem"/></resource><resource><extension url="http://hl7.org/fhir/tools/StructureDefinition/resource-sort"><valueInteger value="999999999"/></extension><extension url="http://hl7.org/fhir/StructureDefinition/implementationguide-page"><valueUri value="CodeSystem-codCountriesCS.html"/></extension><reference><reference value="CodeSystem/codCountriesCS"/></reference><name value="Country Codes"/><description value="Codes defined for the identification of countries according to ISO3166-3 standard"/><exampleBoolean value="false"/><groupingId value="-term-codesystem"/></resource><resource><extension url="http://hl7.org/fhir/tools/StructureDefinition/resource-sort"><valueInteger value="999999999"/></extension><extension url="http://hl7.org/fhir/StructureDefinition/implementationguide-page"><valueUri value="CodeSystem-ModoConfirmacionInfeccionCS.html"/></extension><reference><reference value="CodeSystem/ModoConfirmacionInfeccionCS"/></reference><name value="Infection Confirmation Mode"/><description value="Modes of Confirmation of COVID-19 Infection"/><exampleBoolean value="false"/><groupingId value="-term-codesystem"/></resource><resource><extension url="http://hl7.org/fhir/tools/StructureDefinition/resource-sort"><valueInteger value="999999999"/></extension><extension url="http://hl7.org/fhir/StructureDefinition/implementationguide-page"><valueUri value="CodeSystem-ClasificacionDesenlaceNaranjoCS.html"/></extension><reference><reference value="CodeSystem/ClasificacionDesenlaceNaranjoCS"/></reference><name value="Naranjo Causality Classification"/><description value="Naranjo causality classification method"/><exampleBoolean value="false"/><groupingId value="-term-codesystem"/></resource><resource><extension url="http://hl7.org/fhir/tools/StructureDefinition/resource-sort"><valueInteger value="999999999"/></extension><extension url="http://hl7.org/fhir/StructureDefinition/implementationguide-page"><valueUri value="CodeSystem-ClasificacionDesenlaceCS.html"/></extension><reference><reference value="CodeSystem/ClasificacionDesenlaceCS"/></reference><name value="Outcomes After ESAVI"/><description value="Classification of Outcome After Suffering ESAVI"/><exampleBoolean value="false"/><groupingId value="-term-codesystem"/></resource><resource><extension url="http://hl7.org/fhir/tools/StructureDefinition/resource-sort"><valueInteger value="999999999"/></extension><extension url="http://hl7.org/fhir/StructureDefinition/implementationguide-page"><valueUri value="CodeSystem-DirOrgNotiCS.html"/></extension><reference><reference value="CodeSystem/DirOrgNotiCS"/></reference><name value="PAHO Codes for Addresses"/><description value="Address Codes according to PAHO"/><exampleBoolean value="false"/><groupingId value="-term-codesystem"/></resource><resource><extension url="http://hl7.org/fhir/tools/StructureDefinition/resource-sort"><valueInteger value="999999999"/></extension><extension url="http://hl7.org/fhir/StructureDefinition/implementationguide-page"><valueUri value="CodeSystem-ComplicacionEmbarazoCS.html"/></extension><reference><reference value="CodeSystem/ComplicacionEmbarazoCS"/></reference><name value="Pregnancy Complications"/><description value="Codes for Pregnancy Complications"/><exampleBoolean value="false"/><groupingId value="-term-codesystem"/></resource><resource><extension url="http://hl7.org/fhir/tools/StructureDefinition/resource-sort"><valueInteger value="999999999"/></extension><extension url="http://hl7.org/fhir/StructureDefinition/implementationguide-page"><valueUri value="CodeSystem-ModoVerificacionVacunaCS.html"/></extension><reference><reference value="CodeSystem/ModoVerificacionVacunaCS"/></reference><name value="Prior Vaccination Verification Mode"/><description value="Vaccine Verification Modes or Completed Vaccination Schedule"/><exampleBoolean value="false"/><groupingId value="-term-codesystem"/></resource><resource><extension url="http://hl7.org/fhir/tools/StructureDefinition/resource-sort"><valueInteger value="999999999"/></extension><extension url="http://hl7.org/fhir/StructureDefinition/implementationguide-page"><valueUri value="CodeSystem-RespuestaSiNoNoSabeCS.html"/></extension><reference><reference value="CodeSystem/RespuestaSiNoNoSabeCS"/></reference><name value="Simple Answers"/><description value="Codes to capture simple yes/no/don't know responses"/><exampleBoolean value="false"/><groupingId value="-term-codesystem"/></resource><resource><extension url="http://hl7.org/fhir/tools/StructureDefinition/resource-sort"><valueInteger value="999999999"/></extension><extension url="http://hl7.org/fhir/StructureDefinition/implementationguide-page"><valueUri value="CodeSystem-SistemaClasfCausalidadCS.html"/></extension><reference><reference value="CodeSystem/SistemaClasfCausalidadCS"/></reference><name value="Type of Causality Classification Method"/><description value="Codes for Types of Causality Classification Methods"/><exampleBoolean value="false"/><groupingId value="-term-codesystem"/></resource><resource><extension url="http://hl7.org/fhir/tools/StructureDefinition/resource-sort"><valueInteger value="999999999"/></extension><extension url="http://hl7.org/fhir/StructureDefinition/implementationguide-page"><valueUri value="CodeSystem-ProfesionalNotificadorCS.html"/></extension><reference><reference value="CodeSystem/ProfesionalNotificadorCS"/></reference><name value="Type of Notifying Professional"/><description value="ESAVI Notifier Type Codes for PAHO"/><exampleBoolean value="false"/><groupingId value="-term-codesystem"/></resource><resource><extension url="http://hl7.org/fhir/tools/StructureDefinition/resource-sort"><valueInteger value="999999999"/></extension><extension url="http://hl7.org/fhir/StructureDefinition/implementationguide-page"><valueUri value="CodeSystem-CodeWhoManufacturerCS.html"/></extension><reference><reference value="CodeSystem/CodeWhoManufacturerCS"/></reference><name value="Vaccine Manufacturer"/><description value="WHO Vaccine Manufacturer Codes"/><exampleBoolean value="false"/><groupingId value="-term-codesystem"/></resource><resource><extension url="http://hl7.org/fhir/tools/StructureDefinition/resource-sort"><valueInteger value="999999999"/></extension><extension url="http://hl7.org/fhir/StructureDefinition/implementationguide-page"><valueUri value="CodeSystem-ClasificacionDesenlaceWHOAEFICS.html"/></extension><reference><reference value="CodeSystem/ClasificacionDesenlaceWHOAEFICS"/></reference><name value="WHO-AEFI causality classification"/><description value="WHO-AEFI causality classification method"/><exampleBoolean value="false"/><groupingId value="-term-codesystem"/></resource><resource><extension url="http://hl7.org/fhir/tools/StructureDefinition/resource-sort"><valueInteger value="999999999"/></extension><extension url="http://hl7.org/fhir/StructureDefinition/implementationguide-page"><valueUri value="CodeSystem-ClasificacionDesenlaceWHOUMCCS.html"/></extension><reference><reference value="CodeSystem/ClasificacionDesenlaceWHOUMCCS"/></reference><name value="WHO-UMC Causality Classification"/><description value="WHO-UMC causality classification method"/><exampleBoolean value="false"/><groupingId value="-term-codesystem"/></resource><resource><extension url="http://hl7.org/fhir/tools/StructureDefinition/resource-sort"><valueInteger value="999999999"/></extension><extension url="http://hl7.org/fhir/StructureDefinition/implementationguide-page"><valueUri value="Questionnaire-CuestionarioESAVI.html"/></extension><reference><reference value="Questionnaire/CuestionarioESAVI"/></reference><name value="ESAVI Questionnaire"/><description value="ESAVI Questionnaire"/><exampleBoolean value="true"/><groupingId value="-ex-example"/></resource><resource><extension url="http://hl7.org/fhir/tools/StructureDefinition/resource-sort"><valueInteger value="999999999"/></extension><extension url="http://hl7.org/fhir/StructureDefinition/implementationguide-page"><valueUri value="QuestionnaireResponse-ejDosNuevo.html"/></extension><reference><reference value="QuestionnaireResponse/ejDosNuevo"/></reference><name value="ejDosNuevo"/><description value="Ejemplo de cuestionario Respondido 2"/><exampleCanonical value="https://paho.org/fhir/esavi/StructureDefinition/ESAVIQuestionnaireResponse"/><groupingId value="-ex-example"/></resource><resource><extension url="http://hl7.org/fhir/tools/StructureDefinition/resource-sort"><valueInteger value="999999999"/></extension><extension url="http://hl7.org/fhir/StructureDefinition/implementationguide-page"><valueUri value="QuestionnaireResponse-ejTresNuevo.html"/></extension><reference><reference value="QuestionnaireResponse/ejTresNuevo"/></reference><name value="ejTresNuevo"/><description value="Ejemplo de cuestionario Respondido 3"/><exampleCanonical value="https://paho.org/fhir/esavi/StructureDefinition/ESAVIQuestionnaireResponse"/><groupingId value="-ex-example"/></resource><resource><extension url="http://hl7.org/fhir/tools/StructureDefinition/resource-sort"><valueInteger value="999999999"/></extension><extension url="http://hl7.org/fhir/StructureDefinition/implementationguide-page"><valueUri value="QuestionnaireResponse-ejUnoNuevo.html"/></extension><reference><reference value="QuestionnaireResponse/ejUnoNuevo"/></reference><name value="ejUnoNuevo"/><description value="Ejemplo de cuestionario Respondido 1"/><exampleCanonical value="https://paho.org/fhir/esavi/StructureDefinition/ESAVIQuestionnaireResponse"/><groupingId value="-ex-example"/></resource><page><extension url="http://hl7.org/fhir/tools/StructureDefinition/ig-page-name"><valueUrl value="toc.html"/></extension><nameUrl value="toc.html"/><title value="Table of Contents"/><generation value="html"/><page><extension url="http://hl7.org/fhir/tools/StructureDefinition/ig-page-name"><valueUrl value="index.html"/></extension><nameUrl value="index.html"/><title value="Home"/><generation value="markdown"/></page><page><extension url="http://hl7.org/fhir/tools/StructureDefinition/ig-page-name"><valueUrl value="objetivos.html"/></extension><nameUrl value="objetivos.html"/><title value="Goals"/><generation value="markdown"/></page><page><extension url="http://hl7.org/fhir/tools/StructureDefinition/ig-page-name"><valueUrl value="alcance.html"/></extension><nameUrl value="alcance.html"/><title value="Scope"/><generation value="markdown"/></page><page><extension url="http://hl7.org/fhir/tools/StructureDefinition/ig-page-name"><valueUrl value="uso.html"/></extension><nameUrl value="uso.html"/><title value="Use"/><generation value="markdown"/></page><page><extension url="http://hl7.org/fhir/tools/StructureDefinition/ig-page-name"><valueUrl value="actores_CasosUso.html"/></extension><nameUrl value="actores_CasosUso.html"/><title value="Use case and actors"/><generation value="markdown"/></page><page><extension url="http://hl7.org/fhir/tools/StructureDefinition/ig-page-name"><valueUrl value="artifacts.html"/></extension><nameUrl value="artifacts.html"/><title value="Artifacts"/><generation value="html"/><page><extension url="http://hl7.org/fhir/tools/StructureDefinition/ig-page-name"><valueUrl value="StructureDefinition-ESAVIQuestionnaireResponse.html"/></extension><nameUrl value="StructureDefinition-ESAVIQuestionnaireResponse.html"/><title value="ESAVI Questionnaire Response"/><generation value="generated"/></page><page><extension url="http://hl7.org/fhir/tools/StructureDefinition/ig-page-name"><valueUrl value="ValueSet-SistemasDeCodificacionVS.html"/></extension><nameUrl value="ValueSet-SistemasDeCodificacionVS.html"/><title value="Coding Systems"/><generation value="generated"/></page><page><extension url="http://hl7.org/fhir/tools/StructureDefinition/ig-page-name"><valueUrl value="ValueSet-codCountries.html"/></extension><nameUrl value="ValueSet-codCountries.html"/><title value="Country Codes"/><generation value="generated"/></page><page><extension url="http://hl7.org/fhir/tools/StructureDefinition/ig-page-name"><valueUrl value="ValueSet-ModoConfirmacionInfeccionVS.html"/></extension><nameUrl value="ValueSet-ModoConfirmacionInfeccionVS.html"/><title value="COVID-19 Infection Confirmation Modes"/><generation value="generated"/></page><page><extension url="http://hl7.org/fhir/tools/StructureDefinition/ig-page-name"><valueUrl value="ValueSet-FormaFarmaceuticaVS.html"/></extension><nameUrl value="ValueSet-FormaFarmaceuticaVS.html"/><title value="Identification of Pharmaceutical Forms"/><generation value="generated"/></page><page><extension url="http://hl7.org/fhir/tools/StructureDefinition/ig-page-name"><valueUrl value="ValueSet-EsaviMedDRAVS.html"/></extension><nameUrl value="ValueSet-EsaviMedDRAVS.html"/><title value="MedDRA Code of the Reported Adverse Event"/><generation value="generated"/></page><page><extension url="http://hl7.org/fhir/tools/StructureDefinition/ig-page-name"><valueUrl value="ValueSet-ComplicacionEmbarazoMedDRAVS.html"/></extension><nameUrl value="ValueSet-ComplicacionEmbarazoMedDRAVS.html"/><title value="MEDDRA Codes Complications in Pregnancy ESAVI"/><generation value="generated"/></page><page><extension url="http://hl7.org/fhir/tools/StructureDefinition/ig-page-name"><valueUrl value="ValueSet-CodeMedDRAEnfPreviaVS.html"/></extension><nameUrl value="ValueSet-CodeMedDRAEnfPreviaVS.html"/><title value="MedDRA codes to represent previous diseases in an ESAVI-PAHO"/><generation value="generated"/></page><page><extension url="http://hl7.org/fhir/tools/StructureDefinition/ig-page-name"><valueUrl value="ValueSet-ViaAdminMedicamentoVS.html"/></extension><nameUrl value="ValueSet-ViaAdminMedicamentoVS.html"/><title value="Medication Administration Routes"/><generation value="generated"/></page><page><extension url="http://hl7.org/fhir/tools/StructureDefinition/ig-page-name"><valueUrl value="ValueSet-CodigoMedicamentoVS.html"/></extension><nameUrl value="ValueSet-CodigoMedicamentoVS.html"/><title value="Medication Code"/><generation value="generated"/></page><page><extension url="http://hl7.org/fhir/tools/StructureDefinition/ig-page-name"><valueUrl value="ValueSet-ClasificacionDesenlaceNaranjoVS.html"/></extension><nameUrl value="ValueSet-ClasificacionDesenlaceNaranjoVS.html"/><title value="Naranjo Causality Classification"/><generation value="generated"/></page><page><extension url="http://hl7.org/fhir/tools/StructureDefinition/ig-page-name"><valueUrl value="ValueSet-CodeNoWhoVacunaVS.html"/></extension><nameUrl value="ValueSet-CodeNoWhoVacunaVS.html"/><title value="Non-WHODrug Vaccine Code"/><generation value="generated"/></page><page><extension url="http://hl7.org/fhir/tools/StructureDefinition/ig-page-name"><valueUrl value="ValueSet-EsaviOtroVS.html"/></extension><nameUrl value="ValueSet-EsaviOtroVS.html"/><title value="Other Adverse Event Codes"/><generation value="generated"/></page><page><extension url="http://hl7.org/fhir/tools/StructureDefinition/ig-page-name"><valueUrl value="ValueSet-ComplicacionEmbarazoOtrosVS.html"/></extension><nameUrl value="ValueSet-ComplicacionEmbarazoOtrosVS.html"/><title value="Other ESAVI Pregnancy Complications Codes"/><generation value="generated"/></page><page><extension url="http://hl7.org/fhir/tools/StructureDefinition/ig-page-name"><valueUrl value="ValueSet-ClasificacionDesenlaceVS.html"/></extension><nameUrl value="ValueSet-ClasificacionDesenlaceVS.html"/><title value="Outcomes After ESAVI"/><generation value="generated"/></page><page><extension url="http://hl7.org/fhir/tools/StructureDefinition/ig-page-name"><valueUrl value="ValueSet-DirOrgNotiVS.html"/></extension><nameUrl value="ValueSet-DirOrgNotiVS.html"/><title value="PAHO Codes for Addresses"/><generation value="generated"/></page><page><extension url="http://hl7.org/fhir/tools/StructureDefinition/ig-page-name"><valueUrl value="ValueSet-ComplicacionEmbarazoVS.html"/></extension><nameUrl value="ValueSet-ComplicacionEmbarazoVS.html"/><title value="Pregnancy Complications"/><generation value="generated"/></page><page><extension url="http://hl7.org/fhir/tools/StructureDefinition/ig-page-name"><valueUrl value="ValueSet-CodigosEnfPreviaVS.html"/></extension><nameUrl value="ValueSet-CodigosEnfPreviaVS.html"/><title value="Previous illnesses in an ESAVI-PAHO"/><generation value="generated"/></page><page><extension url="http://hl7.org/fhir/tools/StructureDefinition/ig-page-name"><valueUrl value="ValueSet-ModoVerificacionVacunaVS.html"/></extension><nameUrl value="ValueSet-ModoVerificacionVacunaVS.html"/><title value="Previous Vaccine Verification Modes"/><generation value="generated"/></page><page><extension url="http://hl7.org/fhir/tools/StructureDefinition/ig-page-name"><valueUrl value="ValueSet-RespuestaSiNoNoSabeVS.html"/></extension><nameUrl value="ValueSet-RespuestaSiNoNoSabeVS.html"/><title value="Simple Answers"/><generation value="generated"/></page><page><extension url="http://hl7.org/fhir/tools/StructureDefinition/ig-page-name"><valueUrl value="ValueSet-SistemaClasfCausalidadVS.html"/></extension><nameUrl value="ValueSet-SistemaClasfCausalidadVS.html"/><title value="Type of Causality Classification Method"/><generation value="generated"/></page><page><extension url="http://hl7.org/fhir/tools/StructureDefinition/ig-page-name"><valueUrl value="ValueSet-ProfesionalNotificadorVS.html"/></extension><nameUrl value="ValueSet-ProfesionalNotificadorVS.html"/><title value="Type of Notifying Professional"/><generation value="generated"/></page><page><extension url="http://hl7.org/fhir/tools/StructureDefinition/ig-page-name"><valueUrl value="ValueSet-CodigoWhoFAbricanteVS.html"/></extension><nameUrl value="ValueSet-CodigoWhoFAbricanteVS.html"/><title value="Vaccine Manufacturers"/><generation value="generated"/></page><page><extension url="http://hl7.org/fhir/tools/StructureDefinition/ig-page-name"><valueUrl value="ValueSet-ClasificacionDesenlaceWHOAEFIVS.html"/></extension><nameUrl value="ValueSet-ClasificacionDesenlaceWHOAEFIVS.html"/><title value="WHO-AEFI causality classification"/><generation value="generated"/></page><page><extension url="http://hl7.org/fhir/tools/StructureDefinition/ig-page-name"><valueUrl value="ValueSet-ClassificacionDesenlaceWHOUMCVS.html"/></extension><nameUrl value="ValueSet-ClassificacionDesenlaceWHOUMCVS.html"/><title value="WHO-UMC Causality Classification"/><generation value="generated"/></page><page><extension url="http://hl7.org/fhir/tools/StructureDefinition/ig-page-name"><valueUrl value="ValueSet-CodeWhoVacunaVS.html"/></extension><nameUrl value="ValueSet-CodeWhoVacunaVS.html"/><title value="WHODrug code for the vaccine"/><generation value="generated"/></page><page><extension url="http://hl7.org/fhir/tools/StructureDefinition/ig-page-name"><valueUrl value="CodeSystem-SistemasDeCodificacionCS.html"/></extension><nameUrl value="CodeSystem-SistemasDeCodificacionCS.html"/><title value="Coding Systems"/><generation value="generated"/></page><page><extension url="http://hl7.org/fhir/tools/StructureDefinition/ig-page-name"><valueUrl value="CodeSystem-codCountriesCS.html"/></extension><nameUrl value="CodeSystem-codCountriesCS.html"/><title value="Country Codes"/><generation value="generated"/></page><page><extension url="http://hl7.org/fhir/tools/StructureDefinition/ig-page-name"><valueUrl value="CodeSystem-ModoConfirmacionInfeccionCS.html"/></extension><nameUrl value="CodeSystem-ModoConfirmacionInfeccionCS.html"/><title value="Infection Confirmation Mode"/><generation value="generated"/></page><page><extension url="http://hl7.org/fhir/tools/StructureDefinition/ig-page-name"><valueUrl value="CodeSystem-ClasificacionDesenlaceNaranjoCS.html"/></extension><nameUrl value="CodeSystem-ClasificacionDesenlaceNaranjoCS.html"/><title value="Naranjo Causality Classification"/><generation value="generated"/></page><page><extension url="http://hl7.org/fhir/tools/StructureDefinition/ig-page-name"><valueUrl value="CodeSystem-ClasificacionDesenlaceCS.html"/></extension><nameUrl value="CodeSystem-ClasificacionDesenlaceCS.html"/><title value="Outcomes After ESAVI"/><generation value="generated"/></page><page><extension url="http://hl7.org/fhir/tools/StructureDefinition/ig-page-name"><valueUrl value="CodeSystem-DirOrgNotiCS.html"/></extension><nameUrl value="CodeSystem-DirOrgNotiCS.html"/><title value="PAHO Codes for Addresses"/><generation value="generated"/></page><page><extension url="http://hl7.org/fhir/tools/StructureDefinition/ig-page-name"><valueUrl value="CodeSystem-ComplicacionEmbarazoCS.html"/></extension><nameUrl value="CodeSystem-ComplicacionEmbarazoCS.html"/><title value="Pregnancy Complications"/><generation value="generated"/></page><page><extension url="http://hl7.org/fhir/tools/StructureDefinition/ig-page-name"><valueUrl value="CodeSystem-ModoVerificacionVacunaCS.html"/></extension><nameUrl value="CodeSystem-ModoVerificacionVacunaCS.html"/><title value="Prior Vaccination Verification Mode"/><generation value="generated"/></page><page><extension url="http://hl7.org/fhir/tools/StructureDefinition/ig-page-name"><valueUrl value="CodeSystem-RespuestaSiNoNoSabeCS.html"/></extension><nameUrl value="CodeSystem-RespuestaSiNoNoSabeCS.html"/><title value="Simple Answers"/><generation value="generated"/></page><page><extension url="http://hl7.org/fhir/tools/StructureDefinition/ig-page-name"><valueUrl value="CodeSystem-SistemaClasfCausalidadCS.html"/></extension><nameUrl value="CodeSystem-SistemaClasfCausalidadCS.html"/><title value="Type of Causality Classification Method"/><generation value="generated"/></page><page><extension url="http://hl7.org/fhir/tools/StructureDefinition/ig-page-name"><valueUrl value="CodeSystem-ProfesionalNotificadorCS.html"/></extension><nameUrl value="CodeSystem-ProfesionalNotificadorCS.html"/><title value="Type of Notifying Professional"/><generation value="generated"/></page><page><extension url="http://hl7.org/fhir/tools/StructureDefinition/ig-page-name"><valueUrl value="CodeSystem-CodeWhoManufacturerCS.html"/></extension><nameUrl value="CodeSystem-CodeWhoManufacturerCS.html"/><title value="Vaccine Manufacturer"/><generation value="generated"/></page><page><extension url="http://hl7.org/fhir/tools/StructureDefinition/ig-page-name"><valueUrl value="CodeSystem-ClasificacionDesenlaceWHOAEFICS.html"/></extension><nameUrl value="CodeSystem-ClasificacionDesenlaceWHOAEFICS.html"/><title value="WHO-AEFI causality classification"/><generation value="generated"/></page><page><extension url="http://hl7.org/fhir/tools/StructureDefinition/ig-page-name"><valueUrl value="CodeSystem-ClasificacionDesenlaceWHOUMCCS.html"/></extension><nameUrl value="CodeSystem-ClasificacionDesenlaceWHOUMCCS.html"/><title value="WHO-UMC Causality Classification"/><generation value="generated"/></page><page><extension url="http://hl7.org/fhir/tools/StructureDefinition/ig-page-name"><valueUrl value="QuestionnaireResponse-ejDosNuevo.html"/></extension><nameUrl value="QuestionnaireResponse-ejDosNuevo.html"/><title value="ejDosNuevo"/><generation value="generated"/></page><page><extension url="http://hl7.org/fhir/tools/StructureDefinition/ig-page-name"><valueUrl value="QuestionnaireResponse-ejTresNuevo.html"/></extension><nameUrl value="QuestionnaireResponse-ejTresNuevo.html"/><title value="ejTresNuevo"/><generation value="generated"/></page><page><extension url="http://hl7.org/fhir/tools/StructureDefinition/ig-page-name"><valueUrl value="QuestionnaireResponse-ejUnoNuevo.html"/></extension><nameUrl value="QuestionnaireResponse-ejUnoNuevo.html"/><title value="ejUnoNuevo"/><generation value="generated"/></page><page><extension url="http://hl7.org/fhir/tools/StructureDefinition/ig-page-name"><valueUrl value="Questionnaire-CuestionarioESAVI.html"/></extension><nameUrl value="Questionnaire-CuestionarioESAVI.html"/><title value="ESAVI Questionnaire"/><generation value="generated"/></page></page><page><extension url="http://hl7.org/fhir/tools/StructureDefinition/ig-page-name"><valueUrl value="mapeos.html"/></extension><nameUrl value="mapeos.html"/><title value="Mapping"/><generation value="markdown"/></page><page><extension url="http://hl7.org/fhir/tools/StructureDefinition/ig-page-name"><valueUrl value="terminologias.html"/></extension><nameUrl value="terminologias.html"/><title value="Terminologies"/><generation value="markdown"/></page><page><extension url="http://hl7.org/fhir/tools/StructureDefinition/ig-page-name"><valueUrl value="descargas.html"/></extension><nameUrl value="descargas.html"/><title value="Download"/><generation value="markdown"/></page><page><extension url="http://hl7.org/fhir/tools/StructureDefinition/ig-page-name"><valueUrl value="generalidades.html"/></extension><nameUrl value="generalidades.html"/><title value="Generalities"/><generation value="markdown"/></page><page><extension url="http://hl7.org/fhir/tools/StructureDefinition/ig-page-name"><valueUrl value="consideraciones.html"/></extension><nameUrl value="consideraciones.html"/><title value="Considerations"/><generation value="markdown"/></page><page><extension url="http://hl7.org/fhir/tools/StructureDefinition/ig-page-name"><valueUrl value="operaciones.html"/></extension><nameUrl value="operaciones.html"/><title value="Operations"/><generation value="markdown"/></page><page><extension url="http://hl7.org/fhir/tools/StructureDefinition/ig-page-name"><valueUrl value="seguridad.html"/></extension><nameUrl value="seguridad.html"/><title value="Security"/><generation value="markdown"/></page></page><parameter><code value="path-resource"/><value value="input/capabilities"/></parameter><parameter><code value="path-resource"/><value value="input/examples"/></parameter><parameter><code value="path-resource"/><value value="input/extensions"/></parameter><parameter><code value="path-resource"/><value value="input/models"/></parameter><parameter><code value="path-resource"/><value value="input/operations"/></parameter><parameter><code value="path-resource"/><value value="input/profiles"/></parameter><parameter><code value="path-resource"/><value value="input/resources"/></parameter><parameter><code value="path-resource"/><value value="input/vocabulary"/></parameter><parameter><code value="path-resource"/><value value="input/maps"/></parameter><parameter><code value="path-resource"/><value value="input/testing"/></parameter><parameter><code value="path-resource"/><value value="input/history"/></parameter><parameter><code value="path-resource"/><value value="fsh-generated/resources"/></parameter><parameter><code value="path-pages"/><value value="template/config"/></parameter><parameter><code value="path-pages"/><value value="input/images"/></parameter><parameter><code value="path-tx-cache"/><value value="input-cache/txcache"/></parameter></definition></ImplementationGuide>