{"resourceType":"CodeSystem","id":"ComplicacionEmbarazoCS","text":{"status":"generated","div":"<div xmlns=\"http://www.w3.org/1999/xhtml\"><p>This case-insensitive code system <code>https://paho.org/fhir/esavi/CodeSystem/ComplicacionEmbarazoCS</code> defines the following codes:</p><table class=\"codes\"><tr><td style=\"white-space:nowrap\"><b>Code</b></td><td><b>Display</b></td></tr><tr><td style=\"white-space:nowrap\">01<a name=\"ComplicacionEmbarazoCS-01\"> </a></td><td>Of Pregnancy</td></tr><tr><td style=\"white-space:nowrap\">02<a name=\"ComplicacionEmbarazoCS-02\"> </a></td><td>Of Childbirth</td></tr><tr><td style=\"white-space:nowrap\">03<a name=\"ComplicacionEmbarazoCS-03\"> </a></td><td>Fetal puerperium</td></tr><tr><td style=\"white-space:nowrap\">04<a name=\"ComplicacionEmbarazoCS-04\"> </a></td><td>Neonatal</td></tr><tr><td style=\"white-space:nowrap\">05<a name=\"ComplicacionEmbarazoCS-05\"> </a></td><td>Congenital Anomaly</td></tr></table></div>"},"url":"https://paho.org/fhir/esavi/CodeSystem/ComplicacionEmbarazoCS","version":"0.1.44","name":"ComplicacionEmbarazoCS","title":"Pregnancy Complications","status":"active","experimental":false,"date":"2021-03-11T00:00:00-03:00","publisher":"ESAVI -","contact":[{"name":"ESAVI -","telecom":[{"system":"url","value":"https://covid-19pharmacovigilance.paho.org/resources/updates-on-aefi"},{"system":"email","value":"rizzatodan@paho.org"}]}],"description":"Codes for Pregnancy Complications","jurisdiction":[{"coding":[{"system":"http://unstats.un.org/unsd/methods/m49/m49.htm","code":"001"}]}],"caseSensitive":false,"content":"complete","count":5,"concept":[{"code":"01","display":"Of Pregnancy"},{"code":"02","display":"Of Childbirth"},{"code":"03","display":"Fetal puerperium"},{"code":"04","display":"Neonatal"},{"code":"05","display":"Congenital Anomaly"}]}