{"resourceType":"CodeSystem","id":"codCountriesCS","text":{"status":"generated","div":"<div xmlns=\"http://www.w3.org/1999/xhtml\"><p>This case-insensitive code system <code>https://paho.org/fhir/esavi/CodeSystem/codCountriesCS</code> defines the following codes:</p><table class=\"codes\"><tr><td style=\"white-space:nowrap\"><b>Code</b></td><td><b>Display</b></td></tr><tr><td style=\"white-space:nowrap\">ABW<a name=\"codCountriesCS-ABW\"> </a></td><td>Aruba</td></tr><tr><td style=\"white-space:nowrap\">AFG<a name=\"codCountriesCS-AFG\"> </a></td><td>Afghanistan</td></tr><tr><td style=\"white-space:nowrap\">AGO<a name=\"codCountriesCS-AGO\"> </a></td><td>Angola</td></tr><tr><td style=\"white-space:nowrap\">AIA<a name=\"codCountriesCS-AIA\"> </a></td><td>Anguilla</td></tr><tr><td style=\"white-space:nowrap\">ALA<a name=\"codCountriesCS-ALA\"> </a></td><td>Eland Islands</td></tr><tr><td style=\"white-space:nowrap\">ALB<a name=\"codCountriesCS-ALB\"> </a></td><td>Albania</td></tr><tr><td style=\"white-space:nowrap\">AND<a name=\"codCountriesCS-AND\"> </a></td><td>Andorra</td></tr><tr><td style=\"white-space:nowrap\">ARE<a name=\"codCountriesCS-ARE\"> </a></td><td>United Arab Emirates</td></tr><tr><td style=\"white-space:nowrap\">ARG<a name=\"codCountriesCS-ARG\"> </a></td><td>Argentina</td></tr><tr><td style=\"white-space:nowrap\">ARM<a name=\"codCountriesCS-ARM\"> </a></td><td>Armenia</td></tr><tr><td style=\"white-space:nowrap\">ASM<a name=\"codCountriesCS-ASM\"> </a></td><td>American Samoa</td></tr><tr><td style=\"white-space:nowrap\">ATA<a name=\"codCountriesCS-ATA\"> </a></td><td>Antarctica</td></tr><tr><td style=\"white-space:nowrap\">ATF<a name=\"codCountriesCS-ATF\"> </a></td><td>French Southern Territories</td></tr><tr><td style=\"white-space:nowrap\">ATG<a name=\"codCountriesCS-ATG\"> </a></td><td>Antigua and Barbuda</td></tr><tr><td style=\"white-space:nowrap\">AUS<a name=\"codCountriesCS-AUS\"> </a></td><td>Australia</td></tr><tr><td style=\"white-space:nowrap\">AUT<a name=\"codCountriesCS-AUT\"> </a></td><td>Austria</td></tr><tr><td style=\"white-space:nowrap\">AZE<a name=\"codCountriesCS-AZE\"> </a></td><td>Azerbaijan</td></tr><tr><td style=\"white-space:nowrap\">BDI<a name=\"codCountriesCS-BDI\"> </a></td><td>Burundi</td></tr><tr><td style=\"white-space:nowrap\">BEL<a name=\"codCountriesCS-BEL\"> </a></td><td>Belgium</td></tr><tr><td style=\"white-space:nowrap\">BEN<a name=\"codCountriesCS-BEN\"> </a></td><td>Benin</td></tr><tr><td style=\"white-space:nowrap\">BES<a name=\"codCountriesCS-BES\"> </a></td><td>Bonaire, Sint Eustatius and Saba</td></tr><tr><td style=\"white-space:nowrap\">BFA<a name=\"codCountriesCS-BFA\"> </a></td><td>Burkina Faso</td></tr><tr><td style=\"white-space:nowrap\">BGD<a name=\"codCountriesCS-BGD\"> </a></td><td>Bangladesh</td></tr><tr><td style=\"white-space:nowrap\">BGR<a name=\"codCountriesCS-BGR\"> </a></td><td>Bulgaria</td></tr><tr><td style=\"white-space:nowrap\">BHR<a name=\"codCountriesCS-BHR\"> </a></td><td>Bahrain</td></tr><tr><td style=\"white-space:nowrap\">BHS<a name=\"codCountriesCS-BHS\"> </a></td><td>Bahamas</td></tr><tr><td style=\"white-space:nowrap\">BIH<a name=\"codCountriesCS-BIH\"> </a></td><td>Bosnia and Herzegovina</td></tr><tr><td style=\"white-space:nowrap\">BLM<a name=\"codCountriesCS-BLM\"> </a></td><td>Saint Barthilemy</td></tr><tr><td style=\"white-space:nowrap\">BLR<a name=\"codCountriesCS-BLR\"> </a></td><td>Belarus</td></tr><tr><td style=\"white-space:nowrap\">BLZ<a name=\"codCountriesCS-BLZ\"> </a></td><td>Belize</td></tr><tr><td style=\"white-space:nowrap\">BMU<a name=\"codCountriesCS-BMU\"> </a></td><td>Bermuda</td></tr><tr><td style=\"white-space:nowrap\">BOL<a name=\"codCountriesCS-BOL\"> </a></td><td>Bolivia, Plurinational State of</td></tr><tr><td style=\"white-space:nowrap\">BRA<a name=\"codCountriesCS-BRA\"> </a></td><td>Brazil</td></tr><tr><td style=\"white-space:nowrap\">BRB<a name=\"codCountriesCS-BRB\"> </a></td><td>Barbados</td></tr><tr><td style=\"white-space:nowrap\">BRN<a name=\"codCountriesCS-BRN\"> </a></td><td>Brunei Darussalam</td></tr><tr><td style=\"white-space:nowrap\">BTN<a name=\"codCountriesCS-BTN\"> </a></td><td>Bhutan</td></tr><tr><td style=\"white-space:nowrap\">BVT<a name=\"codCountriesCS-BVT\"> </a></td><td>Bouvet Island</td></tr><tr><td style=\"white-space:nowrap\">BWA<a name=\"codCountriesCS-BWA\"> </a></td><td>Botswana</td></tr><tr><td style=\"white-space:nowrap\">CAF<a name=\"codCountriesCS-CAF\"> </a></td><td>Central African Republic</td></tr><tr><td style=\"white-space:nowrap\">CAN<a name=\"codCountriesCS-CAN\"> </a></td><td>Canada</td></tr><tr><td style=\"white-space:nowrap\">CCK<a name=\"codCountriesCS-CCK\"> </a></td><td>Cocos (Keeling) Islands</td></tr><tr><td style=\"white-space:nowrap\">CHE<a name=\"codCountriesCS-CHE\"> </a></td><td>Switzerland</td></tr><tr><td style=\"white-space:nowrap\">CHL<a name=\"codCountriesCS-CHL\"> </a></td><td>Chile</td></tr><tr><td style=\"white-space:nowrap\">CHN<a name=\"codCountriesCS-CHN\"> </a></td><td>China</td></tr><tr><td style=\"white-space:nowrap\">CIV<a name=\"codCountriesCS-CIV\"> </a></td><td>Ctte d'Ivoire</td></tr><tr><td style=\"white-space:nowrap\">CMR<a name=\"codCountriesCS-CMR\"> </a></td><td>Cameroon</td></tr><tr><td style=\"white-space:nowrap\">COD<a name=\"codCountriesCS-COD\"> </a></td><td>Congo, the Democratic Republic of the</td></tr><tr><td style=\"white-space:nowrap\">COG<a name=\"codCountriesCS-COG\"> </a></td><td>Congo</td></tr><tr><td style=\"white-space:nowrap\">COK<a name=\"codCountriesCS-COK\"> </a></td><td>Cook Islands</td></tr><tr><td style=\"white-space:nowrap\">COL<a name=\"codCountriesCS-COL\"> </a></td><td>Colombia</td></tr><tr><td style=\"white-space:nowrap\">COM<a name=\"codCountriesCS-COM\"> </a></td><td>Comoros</td></tr><tr><td style=\"white-space:nowrap\">CPV<a name=\"codCountriesCS-CPV\"> </a></td><td>Cabo Verde</td></tr><tr><td style=\"white-space:nowrap\">CRI<a name=\"codCountriesCS-CRI\"> </a></td><td>Costa Rica</td></tr><tr><td style=\"white-space:nowrap\">CUB<a name=\"codCountriesCS-CUB\"> </a></td><td>Cuba</td></tr><tr><td style=\"white-space:nowrap\">CUW<a name=\"codCountriesCS-CUW\"> </a></td><td>Curagao</td></tr><tr><td style=\"white-space:nowrap\">CXR<a name=\"codCountriesCS-CXR\"> </a></td><td>Christmas Island</td></tr><tr><td style=\"white-space:nowrap\">CYM<a name=\"codCountriesCS-CYM\"> </a></td><td>Cayman Islands</td></tr><tr><td style=\"white-space:nowrap\">CYP<a name=\"codCountriesCS-CYP\"> </a></td><td>Cyprus</td></tr><tr><td style=\"white-space:nowrap\">CZE<a name=\"codCountriesCS-CZE\"> </a></td><td>Czechia</td></tr><tr><td style=\"white-space:nowrap\">DEU<a name=\"codCountriesCS-DEU\"> </a></td><td>Germany</td></tr><tr><td style=\"white-space:nowrap\">DJI<a name=\"codCountriesCS-DJI\"> </a></td><td>Djibouti</td></tr><tr><td style=\"white-space:nowrap\">DMA<a name=\"codCountriesCS-DMA\"> </a></td><td>Dominica</td></tr><tr><td style=\"white-space:nowrap\">DNK<a name=\"codCountriesCS-DNK\"> </a></td><td>Denmark</td></tr><tr><td style=\"white-space:nowrap\">DOM<a name=\"codCountriesCS-DOM\"> </a></td><td>Dominican Republic</td></tr><tr><td style=\"white-space:nowrap\">DZA<a name=\"codCountriesCS-DZA\"> </a></td><td>Algeria</td></tr><tr><td style=\"white-space:nowrap\">ECU<a name=\"codCountriesCS-ECU\"> </a></td><td>Ecuador</td></tr><tr><td style=\"white-space:nowrap\">EGY<a name=\"codCountriesCS-EGY\"> </a></td><td>Egypt</td></tr><tr><td style=\"white-space:nowrap\">ERI<a name=\"codCountriesCS-ERI\"> </a></td><td>Eritrea</td></tr><tr><td style=\"white-space:nowrap\">ESH<a name=\"codCountriesCS-ESH\"> </a></td><td>Western Sahara</td></tr><tr><td style=\"white-space:nowrap\">ESP<a name=\"codCountriesCS-ESP\"> </a></td><td>Spain</td></tr><tr><td style=\"white-space:nowrap\">EST<a name=\"codCountriesCS-EST\"> </a></td><td>Estonia</td></tr><tr><td style=\"white-space:nowrap\">ETH<a name=\"codCountriesCS-ETH\"> </a></td><td>Ethiopia</td></tr><tr><td style=\"white-space:nowrap\">FIN<a name=\"codCountriesCS-FIN\"> </a></td><td>Finland</td></tr><tr><td style=\"white-space:nowrap\">FJI<a name=\"codCountriesCS-FJI\"> </a></td><td>Fiji</td></tr><tr><td style=\"white-space:nowrap\">FLK<a name=\"codCountriesCS-FLK\"> </a></td><td>Falkland Islands (Malvinas)</td></tr><tr><td style=\"white-space:nowrap\">FRA<a name=\"codCountriesCS-FRA\"> </a></td><td>France</td></tr><tr><td style=\"white-space:nowrap\">FRO<a name=\"codCountriesCS-FRO\"> </a></td><td>Faroe Islands</td></tr><tr><td style=\"white-space:nowrap\">FSM<a name=\"codCountriesCS-FSM\"> </a></td><td>Micronesia, Federated States of</td></tr><tr><td style=\"white-space:nowrap\">GAB<a name=\"codCountriesCS-GAB\"> </a></td><td>Gabon</td></tr><tr><td style=\"white-space:nowrap\">GBR<a name=\"codCountriesCS-GBR\"> </a></td><td>United Kingdom</td></tr><tr><td style=\"white-space:nowrap\">GEO<a name=\"codCountriesCS-GEO\"> </a></td><td>Georgia</td></tr><tr><td style=\"white-space:nowrap\">GGY<a name=\"codCountriesCS-GGY\"> </a></td><td>Guernsey</td></tr><tr><td style=\"white-space:nowrap\">GHA<a name=\"codCountriesCS-GHA\"> </a></td><td>Ghana</td></tr><tr><td style=\"white-space:nowrap\">GIB<a name=\"codCountriesCS-GIB\"> </a></td><td>Gibraltar</td></tr><tr><td style=\"white-space:nowrap\">GIN<a name=\"codCountriesCS-GIN\"> </a></td><td>Guinea</td></tr><tr><td style=\"white-space:nowrap\">GLP<a name=\"codCountriesCS-GLP\"> </a></td><td>Guadeloupe</td></tr><tr><td style=\"white-space:nowrap\">GMB<a name=\"codCountriesCS-GMB\"> </a></td><td>Gambia</td></tr><tr><td style=\"white-space:nowrap\">GNB<a name=\"codCountriesCS-GNB\"> </a></td><td>Guinea-Bissau</td></tr><tr><td style=\"white-space:nowrap\">GNQ<a name=\"codCountriesCS-GNQ\"> </a></td><td>Equatorial Guinea</td></tr><tr><td style=\"white-space:nowrap\">GRC<a name=\"codCountriesCS-GRC\"> </a></td><td>Greece</td></tr><tr><td style=\"white-space:nowrap\">GRD<a name=\"codCountriesCS-GRD\"> </a></td><td>Grenada</td></tr><tr><td style=\"white-space:nowrap\">GRL<a name=\"codCountriesCS-GRL\"> </a></td><td>Greenland</td></tr><tr><td style=\"white-space:nowrap\">GTM<a name=\"codCountriesCS-GTM\"> </a></td><td>Guatemala</td></tr><tr><td style=\"white-space:nowrap\">GUF<a name=\"codCountriesCS-GUF\"> </a></td><td>French Guiana</td></tr><tr><td style=\"white-space:nowrap\">GUM<a name=\"codCountriesCS-GUM\"> </a></td><td>Guam</td></tr><tr><td style=\"white-space:nowrap\">GUY<a name=\"codCountriesCS-GUY\"> </a></td><td>Guyana</td></tr><tr><td style=\"white-space:nowrap\">HKG<a name=\"codCountriesCS-HKG\"> </a></td><td>Hong Kong</td></tr><tr><td style=\"white-space:nowrap\">HMD<a name=\"codCountriesCS-HMD\"> </a></td><td>Heard Island and McDonald Islands</td></tr><tr><td style=\"white-space:nowrap\">HND<a name=\"codCountriesCS-HND\"> </a></td><td>Honduras</td></tr><tr><td style=\"white-space:nowrap\">HRV<a name=\"codCountriesCS-HRV\"> </a></td><td>Croatia</td></tr><tr><td style=\"white-space:nowrap\">HTI<a name=\"codCountriesCS-HTI\"> </a></td><td>Haiti</td></tr><tr><td style=\"white-space:nowrap\">HUN<a name=\"codCountriesCS-HUN\"> </a></td><td>Hungary</td></tr><tr><td style=\"white-space:nowrap\">IDN<a name=\"codCountriesCS-IDN\"> </a></td><td>Indonesia</td></tr><tr><td style=\"white-space:nowrap\">IMN<a name=\"codCountriesCS-IMN\"> </a></td><td>Isle of Man</td></tr><tr><td style=\"white-space:nowrap\">IND<a name=\"codCountriesCS-IND\"> </a></td><td>India</td></tr><tr><td style=\"white-space:nowrap\">IOT<a name=\"codCountriesCS-IOT\"> </a></td><td>British Indian Ocean Territory</td></tr><tr><td style=\"white-space:nowrap\">IRL<a name=\"codCountriesCS-IRL\"> </a></td><td>Ireland</td></tr><tr><td style=\"white-space:nowrap\">IRN<a name=\"codCountriesCS-IRN\"> </a></td><td>Iran, Islamic Republic of</td></tr><tr><td style=\"white-space:nowrap\">IRQ<a name=\"codCountriesCS-IRQ\"> </a></td><td>Iraq</td></tr><tr><td style=\"white-space:nowrap\">ISL<a name=\"codCountriesCS-ISL\"> </a></td><td>Iceland</td></tr><tr><td style=\"white-space:nowrap\">ISR<a name=\"codCountriesCS-ISR\"> </a></td><td>Israel</td></tr><tr><td style=\"white-space:nowrap\">ITA<a name=\"codCountriesCS-ITA\"> </a></td><td>Italy</td></tr><tr><td style=\"white-space:nowrap\">JAM<a name=\"codCountriesCS-JAM\"> </a></td><td>Jamaica</td></tr><tr><td style=\"white-space:nowrap\">JEY<a name=\"codCountriesCS-JEY\"> </a></td><td>Jersey</td></tr><tr><td style=\"white-space:nowrap\">JOR<a name=\"codCountriesCS-JOR\"> </a></td><td>Jordan</td></tr><tr><td style=\"white-space:nowrap\">JPN<a name=\"codCountriesCS-JPN\"> </a></td><td>Japan</td></tr><tr><td style=\"white-space:nowrap\">KAZ<a name=\"codCountriesCS-KAZ\"> </a></td><td>Kazakhstan</td></tr><tr><td style=\"white-space:nowrap\">KEN<a name=\"codCountriesCS-KEN\"> </a></td><td>Kenya</td></tr><tr><td style=\"white-space:nowrap\">KGZ<a name=\"codCountriesCS-KGZ\"> </a></td><td>Kyrgyzstan</td></tr><tr><td style=\"white-space:nowrap\">KHM<a name=\"codCountriesCS-KHM\"> </a></td><td>Cambodia</td></tr><tr><td style=\"white-space:nowrap\">KIR<a name=\"codCountriesCS-KIR\"> </a></td><td>Kiribati</td></tr><tr><td style=\"white-space:nowrap\">KNA<a name=\"codCountriesCS-KNA\"> </a></td><td>Saint Kitts and Nevis</td></tr><tr><td style=\"white-space:nowrap\">KOR<a name=\"codCountriesCS-KOR\"> </a></td><td>Korea, Republic of</td></tr><tr><td style=\"white-space:nowrap\">KWT<a name=\"codCountriesCS-KWT\"> </a></td><td>Kuwait</td></tr><tr><td style=\"white-space:nowrap\">LAO<a name=\"codCountriesCS-LAO\"> </a></td><td>Lao People's Democratic Republic</td></tr><tr><td style=\"white-space:nowrap\">LBN<a name=\"codCountriesCS-LBN\"> </a></td><td>Lebanon</td></tr><tr><td style=\"white-space:nowrap\">LBR<a name=\"codCountriesCS-LBR\"> </a></td><td>Liberia</td></tr><tr><td style=\"white-space:nowrap\">LBY<a name=\"codCountriesCS-LBY\"> </a></td><td>Libya</td></tr><tr><td style=\"white-space:nowrap\">LCA<a name=\"codCountriesCS-LCA\"> </a></td><td>Saint Lucia</td></tr><tr><td style=\"white-space:nowrap\">LIE<a name=\"codCountriesCS-LIE\"> </a></td><td>Liechtenstein</td></tr><tr><td style=\"white-space:nowrap\">LKA<a name=\"codCountriesCS-LKA\"> </a></td><td>Sri Lanka</td></tr><tr><td style=\"white-space:nowrap\">LSO<a name=\"codCountriesCS-LSO\"> </a></td><td>Lesotho</td></tr><tr><td style=\"white-space:nowrap\">LTU<a name=\"codCountriesCS-LTU\"> </a></td><td>Lithuania</td></tr><tr><td style=\"white-space:nowrap\">LUX<a name=\"codCountriesCS-LUX\"> </a></td><td>Luxembourg</td></tr><tr><td style=\"white-space:nowrap\">LVA<a name=\"codCountriesCS-LVA\"> </a></td><td>Latvia</td></tr><tr><td style=\"white-space:nowrap\">MAC<a name=\"codCountriesCS-MAC\"> </a></td><td>Macao</td></tr><tr><td style=\"white-space:nowrap\">MAF<a name=\"codCountriesCS-MAF\"> </a></td><td>Saint Martin (French part)</td></tr><tr><td style=\"white-space:nowrap\">MAR<a name=\"codCountriesCS-MAR\"> </a></td><td>Morocco</td></tr><tr><td style=\"white-space:nowrap\">MCO<a name=\"codCountriesCS-MCO\"> </a></td><td>Monaco</td></tr><tr><td style=\"white-space:nowrap\">MDA<a name=\"codCountriesCS-MDA\"> </a></td><td>Moldova, Republic of</td></tr><tr><td style=\"white-space:nowrap\">MDG<a name=\"codCountriesCS-MDG\"> </a></td><td>Madagascar</td></tr><tr><td style=\"white-space:nowrap\">MDV<a name=\"codCountriesCS-MDV\"> </a></td><td>Maldives</td></tr><tr><td style=\"white-space:nowrap\">MEX<a name=\"codCountriesCS-MEX\"> </a></td><td>Mexico</td></tr><tr><td style=\"white-space:nowrap\">MHL<a name=\"codCountriesCS-MHL\"> </a></td><td>Marshall Islands</td></tr><tr><td style=\"white-space:nowrap\">MKD<a name=\"codCountriesCS-MKD\"> </a></td><td>Macedonia, the former Yugoslav Republic of</td></tr><tr><td style=\"white-space:nowrap\">MLI<a name=\"codCountriesCS-MLI\"> </a></td><td>Mali</td></tr><tr><td style=\"white-space:nowrap\">MLT<a name=\"codCountriesCS-MLT\"> </a></td><td>Malta</td></tr><tr><td style=\"white-space:nowrap\">MMR<a name=\"codCountriesCS-MMR\"> </a></td><td>Myanmar</td></tr><tr><td style=\"white-space:nowrap\">MNE<a name=\"codCountriesCS-MNE\"> </a></td><td>Montenegro</td></tr><tr><td style=\"white-space:nowrap\">MNG<a name=\"codCountriesCS-MNG\"> </a></td><td>Mongolia</td></tr><tr><td style=\"white-space:nowrap\">MNP<a name=\"codCountriesCS-MNP\"> </a></td><td>Northern Mariana Islands</td></tr><tr><td style=\"white-space:nowrap\">MOZ<a name=\"codCountriesCS-MOZ\"> </a></td><td>Mozambique</td></tr><tr><td style=\"white-space:nowrap\">MRT<a name=\"codCountriesCS-MRT\"> </a></td><td>Mauritania</td></tr><tr><td style=\"white-space:nowrap\">MSR<a name=\"codCountriesCS-MSR\"> </a></td><td>Montserrat</td></tr><tr><td style=\"white-space:nowrap\">MTQ<a name=\"codCountriesCS-MTQ\"> </a></td><td>Martinique</td></tr><tr><td style=\"white-space:nowrap\">MUS<a name=\"codCountriesCS-MUS\"> </a></td><td>Mauritius</td></tr><tr><td style=\"white-space:nowrap\">MWI<a name=\"codCountriesCS-MWI\"> </a></td><td>Malawi</td></tr><tr><td style=\"white-space:nowrap\">MYS<a name=\"codCountriesCS-MYS\"> </a></td><td>Malaysia</td></tr><tr><td style=\"white-space:nowrap\">MYT<a name=\"codCountriesCS-MYT\"> </a></td><td>Mayotte</td></tr><tr><td style=\"white-space:nowrap\">NAM<a name=\"codCountriesCS-NAM\"> </a></td><td>Namibia</td></tr><tr><td style=\"white-space:nowrap\">NCL<a name=\"codCountriesCS-NCL\"> </a></td><td>New Caledonia</td></tr><tr><td style=\"white-space:nowrap\">NER<a name=\"codCountriesCS-NER\"> </a></td><td>Niger</td></tr><tr><td style=\"white-space:nowrap\">NFK<a name=\"codCountriesCS-NFK\"> </a></td><td>Norfolk Island</td></tr><tr><td style=\"white-space:nowrap\">NGA<a name=\"codCountriesCS-NGA\"> </a></td><td>Nigeria</td></tr><tr><td style=\"white-space:nowrap\">NIC<a name=\"codCountriesCS-NIC\"> </a></td><td>Nicaragua</td></tr><tr><td style=\"white-space:nowrap\">NIU<a name=\"codCountriesCS-NIU\"> </a></td><td>Niue</td></tr><tr><td style=\"white-space:nowrap\">NLD<a name=\"codCountriesCS-NLD\"> </a></td><td>Netherlands</td></tr><tr><td style=\"white-space:nowrap\">NOR<a name=\"codCountriesCS-NOR\"> </a></td><td>Norway</td></tr><tr><td style=\"white-space:nowrap\">NPL<a name=\"codCountriesCS-NPL\"> </a></td><td>Nepal</td></tr><tr><td style=\"white-space:nowrap\">NRU<a name=\"codCountriesCS-NRU\"> </a></td><td>Nauru</td></tr><tr><td style=\"white-space:nowrap\">NZL<a name=\"codCountriesCS-NZL\"> </a></td><td>New Zealand</td></tr><tr><td style=\"white-space:nowrap\">OMN<a name=\"codCountriesCS-OMN\"> </a></td><td>Oman</td></tr><tr><td style=\"white-space:nowrap\">PAK<a name=\"codCountriesCS-PAK\"> </a></td><td>Pakistan</td></tr><tr><td style=\"white-space:nowrap\">PAN<a name=\"codCountriesCS-PAN\"> </a></td><td>Panama</td></tr><tr><td style=\"white-space:nowrap\">PCN<a name=\"codCountriesCS-PCN\"> </a></td><td>Pitcairn</td></tr><tr><td style=\"white-space:nowrap\">PER<a name=\"codCountriesCS-PER\"> </a></td><td>Peru</td></tr><tr><td style=\"white-space:nowrap\">PHL<a name=\"codCountriesCS-PHL\"> </a></td><td>Philippines</td></tr><tr><td style=\"white-space:nowrap\">PLW<a name=\"codCountriesCS-PLW\"> </a></td><td>Palau</td></tr><tr><td style=\"white-space:nowrap\">PNG<a name=\"codCountriesCS-PNG\"> </a></td><td>Papua New Guinea</td></tr><tr><td style=\"white-space:nowrap\">POL<a name=\"codCountriesCS-POL\"> </a></td><td>Poland</td></tr><tr><td style=\"white-space:nowrap\">PRI<a name=\"codCountriesCS-PRI\"> </a></td><td>Puerto Rico</td></tr><tr><td style=\"white-space:nowrap\">PRK<a name=\"codCountriesCS-PRK\"> </a></td><td>Korea, Democratic People's Republic of</td></tr><tr><td style=\"white-space:nowrap\">PRT<a name=\"codCountriesCS-PRT\"> </a></td><td>Portugal</td></tr><tr><td style=\"white-space:nowrap\">PRY<a name=\"codCountriesCS-PRY\"> </a></td><td>Paraguay</td></tr><tr><td style=\"white-space:nowrap\">PSE<a name=\"codCountriesCS-PSE\"> </a></td><td>Palestine, State of</td></tr><tr><td style=\"white-space:nowrap\">PYF<a name=\"codCountriesCS-PYF\"> </a></td><td>French Polynesia</td></tr><tr><td style=\"white-space:nowrap\">QAT<a name=\"codCountriesCS-QAT\"> </a></td><td>Qatar</td></tr><tr><td style=\"white-space:nowrap\">REU<a name=\"codCountriesCS-REU\"> </a></td><td>Riunion</td></tr><tr><td style=\"white-space:nowrap\">ROU<a name=\"codCountriesCS-ROU\"> </a></td><td>Romania</td></tr><tr><td style=\"white-space:nowrap\">RUS<a name=\"codCountriesCS-RUS\"> </a></td><td>Russian Federation</td></tr><tr><td style=\"white-space:nowrap\">RWA<a name=\"codCountriesCS-RWA\"> </a></td><td>Rwanda</td></tr><tr><td style=\"white-space:nowrap\">SAU<a name=\"codCountriesCS-SAU\"> </a></td><td>Saudi Arabia</td></tr><tr><td style=\"white-space:nowrap\">SDN<a name=\"codCountriesCS-SDN\"> </a></td><td>Sudan</td></tr><tr><td style=\"white-space:nowrap\">SEN<a name=\"codCountriesCS-SEN\"> </a></td><td>Senegal</td></tr><tr><td style=\"white-space:nowrap\">SGP<a name=\"codCountriesCS-SGP\"> </a></td><td>Singapore</td></tr><tr><td style=\"white-space:nowrap\">SGS<a name=\"codCountriesCS-SGS\"> </a></td><td>South Georgia and the South Sandwich Islands</td></tr><tr><td style=\"white-space:nowrap\">SHN<a name=\"codCountriesCS-SHN\"> </a></td><td>Saint Helena, Ascension and Tristan da Cunha</td></tr><tr><td style=\"white-space:nowrap\">SJM<a name=\"codCountriesCS-SJM\"> </a></td><td>Svalbard and Jan Mayen</td></tr><tr><td style=\"white-space:nowrap\">SLB<a name=\"codCountriesCS-SLB\"> </a></td><td>Solomon Islands</td></tr><tr><td style=\"white-space:nowrap\">SLE<a name=\"codCountriesCS-SLE\"> </a></td><td>Sierra Leone</td></tr><tr><td style=\"white-space:nowrap\">SLV<a name=\"codCountriesCS-SLV\"> </a></td><td>El Salvador</td></tr><tr><td style=\"white-space:nowrap\">SMR<a name=\"codCountriesCS-SMR\"> </a></td><td>San Marino</td></tr><tr><td style=\"white-space:nowrap\">SOM<a name=\"codCountriesCS-SOM\"> </a></td><td>Somalia</td></tr><tr><td style=\"white-space:nowrap\">SPM<a name=\"codCountriesCS-SPM\"> </a></td><td>Saint Pierre and Miquelon</td></tr><tr><td style=\"white-space:nowrap\">SRB<a name=\"codCountriesCS-SRB\"> </a></td><td>Serbia</td></tr><tr><td style=\"white-space:nowrap\">SSD<a name=\"codCountriesCS-SSD\"> </a></td><td>South Sudan</td></tr><tr><td style=\"white-space:nowrap\">STP<a name=\"codCountriesCS-STP\"> </a></td><td>Sao Tome and Principe</td></tr><tr><td style=\"white-space:nowrap\">SUR<a name=\"codCountriesCS-SUR\"> </a></td><td>Suriname</td></tr><tr><td style=\"white-space:nowrap\">SVK<a name=\"codCountriesCS-SVK\"> </a></td><td>Slovakia</td></tr><tr><td style=\"white-space:nowrap\">SVN<a name=\"codCountriesCS-SVN\"> </a></td><td>Slovenia</td></tr><tr><td style=\"white-space:nowrap\">SWE<a name=\"codCountriesCS-SWE\"> </a></td><td>Sweden</td></tr><tr><td style=\"white-space:nowrap\">SWZ<a name=\"codCountriesCS-SWZ\"> </a></td><td>Swaziland</td></tr><tr><td style=\"white-space:nowrap\">SXM<a name=\"codCountriesCS-SXM\"> </a></td><td>Sint Maarten (Dutch part)</td></tr><tr><td style=\"white-space:nowrap\">SYC<a name=\"codCountriesCS-SYC\"> </a></td><td>Seychelles</td></tr><tr><td style=\"white-space:nowrap\">SYR<a name=\"codCountriesCS-SYR\"> </a></td><td>Syrian Arab Republic</td></tr><tr><td style=\"white-space:nowrap\">TCA<a name=\"codCountriesCS-TCA\"> </a></td><td>Turks and Caicos Islands</td></tr><tr><td style=\"white-space:nowrap\">TCD<a name=\"codCountriesCS-TCD\"> </a></td><td>Chad</td></tr><tr><td style=\"white-space:nowrap\">TGO<a name=\"codCountriesCS-TGO\"> </a></td><td>Togo</td></tr><tr><td style=\"white-space:nowrap\">THA<a name=\"codCountriesCS-THA\"> </a></td><td>Thailand</td></tr><tr><td style=\"white-space:nowrap\">TJK<a name=\"codCountriesCS-TJK\"> </a></td><td>Tajikistan</td></tr><tr><td style=\"white-space:nowrap\">TKL<a name=\"codCountriesCS-TKL\"> </a></td><td>Tokelau</td></tr><tr><td style=\"white-space:nowrap\">TKM<a name=\"codCountriesCS-TKM\"> </a></td><td>Turkmenistan</td></tr><tr><td style=\"white-space:nowrap\">TLS<a name=\"codCountriesCS-TLS\"> </a></td><td>Timor-Leste</td></tr><tr><td style=\"white-space:nowrap\">TON<a name=\"codCountriesCS-TON\"> </a></td><td>Tonga</td></tr><tr><td style=\"white-space:nowrap\">TTO<a name=\"codCountriesCS-TTO\"> </a></td><td>Trinidad and Tobago</td></tr><tr><td style=\"white-space:nowrap\">TUN<a name=\"codCountriesCS-TUN\"> </a></td><td>Tunisia</td></tr><tr><td style=\"white-space:nowrap\">TUR<a name=\"codCountriesCS-TUR\"> </a></td><td>Turkey</td></tr><tr><td style=\"white-space:nowrap\">TUV<a name=\"codCountriesCS-TUV\"> </a></td><td>Tuvalu</td></tr><tr><td style=\"white-space:nowrap\">TWN<a name=\"codCountriesCS-TWN\"> </a></td><td>Taiwan, Province of China</td></tr><tr><td style=\"white-space:nowrap\">TZA<a name=\"codCountriesCS-TZA\"> </a></td><td>Tanzania, United Republic of</td></tr><tr><td style=\"white-space:nowrap\">UGA<a name=\"codCountriesCS-UGA\"> </a></td><td>Uganda</td></tr><tr><td style=\"white-space:nowrap\">UKR<a name=\"codCountriesCS-UKR\"> </a></td><td>Ukraine</td></tr><tr><td style=\"white-space:nowrap\">UMI<a name=\"codCountriesCS-UMI\"> </a></td><td>United States Minor Outlying Islands</td></tr><tr><td style=\"white-space:nowrap\">URY<a name=\"codCountriesCS-URY\"> </a></td><td>Uruguay</td></tr><tr><td style=\"white-space:nowrap\">USA<a name=\"codCountriesCS-USA\"> </a></td><td>United States of America</td></tr><tr><td style=\"white-space:nowrap\">UZB<a name=\"codCountriesCS-UZB\"> </a></td><td>Uzbekistan</td></tr><tr><td style=\"white-space:nowrap\">VAT<a name=\"codCountriesCS-VAT\"> </a></td><td>Holy See</td></tr><tr><td style=\"white-space:nowrap\">VCT<a name=\"codCountriesCS-VCT\"> </a></td><td>Saint Vincent and the Grenadines</td></tr><tr><td style=\"white-space:nowrap\">VEN<a name=\"codCountriesCS-VEN\"> </a></td><td>Venezuela, Bolivarian Republic of</td></tr><tr><td style=\"white-space:nowrap\">VGB<a name=\"codCountriesCS-VGB\"> </a></td><td>Virgin Islands, British</td></tr><tr><td style=\"white-space:nowrap\">VIR<a name=\"codCountriesCS-VIR\"> </a></td><td>Virgin Islands, U.S.</td></tr><tr><td style=\"white-space:nowrap\">VNM<a name=\"codCountriesCS-VNM\"> </a></td><td>Viet Nam</td></tr><tr><td style=\"white-space:nowrap\">VUT<a name=\"codCountriesCS-VUT\"> </a></td><td>Vanuatu</td></tr><tr><td style=\"white-space:nowrap\">WLF<a name=\"codCountriesCS-WLF\"> </a></td><td>Wallis and Futuna</td></tr><tr><td style=\"white-space:nowrap\">WSM<a name=\"codCountriesCS-WSM\"> </a></td><td>Samoa</td></tr><tr><td style=\"white-space:nowrap\">YEM<a name=\"codCountriesCS-YEM\"> </a></td><td>Yemen</td></tr><tr><td style=\"white-space:nowrap\">ZAF<a name=\"codCountriesCS-ZAF\"> </a></td><td>South Africa</td></tr><tr><td style=\"white-space:nowrap\">ZMB<a name=\"codCountriesCS-ZMB\"> </a></td><td>Zambia</td></tr><tr><td style=\"white-space:nowrap\">ZWE<a name=\"codCountriesCS-ZWE\"> </a></td><td>Zimbabwe</td></tr></table></div>"},"url":"https://paho.org/fhir/esavi/CodeSystem/codCountriesCS","version":"0.1.44","name":"CodPaisesCS","title":"Country Codes","status":"active","experimental":false,"date":"2021-03-11T00:00:00-03:00","publisher":"ESAVI -","contact":[{"name":"ESAVI -","telecom":[{"system":"url","value":"https://covid-19pharmacovigilance.paho.org/resources/updates-on-aefi"},{"system":"email","value":"rizzatodan@paho.org"}]}],"description":"Codes defined for the identification of countries according to ISO3166-3 standard","jurisdiction":[{"coding":[{"system":"http://unstats.un.org/unsd/methods/m49/m49.htm","code":"001"}]}],"caseSensitive":false,"content":"complete","count":249,"concept":[{"code":"ABW","display":"Aruba"},{"code":"AFG","display":"Afghanistan"},{"code":"AGO","display":"Angola"},{"code":"AIA","display":"Anguilla"},{"code":"ALA","display":"Eland Islands"},{"code":"ALB","display":"Albania"},{"code":"AND","display":"Andorra"},{"code":"ARE","display":"United Arab Emirates"},{"code":"ARG","display":"Argentina"},{"code":"ARM","display":"Armenia"},{"code":"ASM","display":"American Samoa"},{"code":"ATA","display":"Antarctica"},{"code":"ATF","display":"French Southern Territories"},{"code":"ATG","display":"Antigua and Barbuda"},{"code":"AUS","display":"Australia"},{"code":"AUT","display":"Austria"},{"code":"AZE","display":"Azerbaijan"},{"code":"BDI","display":"Burundi"},{"code":"BEL","display":"Belgium"},{"code":"BEN","display":"Benin"},{"code":"BES","display":"Bonaire, Sint Eustatius and Saba"},{"code":"BFA","display":"Burkina Faso"},{"code":"BGD","display":"Bangladesh"},{"code":"BGR","display":"Bulgaria"},{"code":"BHR","display":"Bahrain"},{"code":"BHS","display":"Bahamas"},{"code":"BIH","display":"Bosnia and Herzegovina"},{"code":"BLM","display":"Saint Barthilemy"},{"code":"BLR","display":"Belarus"},{"code":"BLZ","display":"Belize"},{"code":"BMU","display":"Bermuda"},{"code":"BOL","display":"Bolivia, Plurinational State of"},{"code":"BRA","display":"Brazil"},{"code":"BRB","display":"Barbados"},{"code":"BRN","display":"Brunei Darussalam"},{"code":"BTN","display":"Bhutan"},{"code":"BVT","display":"Bouvet Island"},{"code":"BWA","display":"Botswana"},{"code":"CAF","display":"Central African Republic"},{"code":"CAN","display":"Canada"},{"code":"CCK","display":"Cocos (Keeling) Islands"},{"code":"CHE","display":"Switzerland"},{"code":"CHL","display":"Chile"},{"code":"CHN","display":"China"},{"code":"CIV","display":"Ctte d'Ivoire"},{"code":"CMR","display":"Cameroon"},{"code":"COD","display":"Congo, the Democratic Republic of the"},{"code":"COG","display":"Congo"},{"code":"COK","display":"Cook Islands"},{"code":"COL","display":"Colombia"},{"code":"COM","display":"Comoros"},{"code":"CPV","display":"Cabo Verde"},{"code":"CRI","display":"Costa Rica"},{"code":"CUB","display":"Cuba"},{"code":"CUW","display":"Curagao"},{"code":"CXR","display":"Christmas Island"},{"code":"CYM","display":"Cayman Islands"},{"code":"CYP","display":"Cyprus"},{"code":"CZE","display":"Czechia"},{"code":"DEU","display":"Germany"},{"code":"DJI","display":"Djibouti"},{"code":"DMA","display":"Dominica"},{"code":"DNK","display":"Denmark"},{"code":"DOM","display":"Dominican Republic"},{"code":"DZA","display":"Algeria"},{"code":"ECU","display":"Ecuador"},{"code":"EGY","display":"Egypt"},{"code":"ERI","display":"Eritrea"},{"code":"ESH","display":"Western Sahara"},{"code":"ESP","display":"Spain"},{"code":"EST","display":"Estonia"},{"code":"ETH","display":"Ethiopia"},{"code":"FIN","display":"Finland"},{"code":"FJI","display":"Fiji"},{"code":"FLK","display":"Falkland Islands (Malvinas)"},{"code":"FRA","display":"France"},{"code":"FRO","display":"Faroe Islands"},{"code":"FSM","display":"Micronesia, Federated States of"},{"code":"GAB","display":"Gabon"},{"code":"GBR","display":"United Kingdom"},{"code":"GEO","display":"Georgia"},{"code":"GGY","display":"Guernsey"},{"code":"GHA","display":"Ghana"},{"code":"GIB","display":"Gibraltar"},{"code":"GIN","display":"Guinea"},{"code":"GLP","display":"Guadeloupe"},{"code":"GMB","display":"Gambia"},{"code":"GNB","display":"Guinea-Bissau"},{"code":"GNQ","display":"Equatorial Guinea"},{"code":"GRC","display":"Greece"},{"code":"GRD","display":"Grenada"},{"code":"GRL","display":"Greenland"},{"code":"GTM","display":"Guatemala"},{"code":"GUF","display":"French Guiana"},{"code":"GUM","display":"Guam"},{"code":"GUY","display":"Guyana"},{"code":"HKG","display":"Hong Kong"},{"code":"HMD","display":"Heard Island and McDonald Islands"},{"code":"HND","display":"Honduras"},{"code":"HRV","display":"Croatia"},{"code":"HTI","display":"Haiti"},{"code":"HUN","display":"Hungary"},{"code":"IDN","display":"Indonesia"},{"code":"IMN","display":"Isle of Man"},{"code":"IND","display":"India"},{"code":"IOT","display":"British Indian Ocean Territory"},{"code":"IRL","display":"Ireland"},{"code":"IRN","display":"Iran, Islamic Republic of"},{"code":"IRQ","display":"Iraq"},{"code":"ISL","display":"Iceland"},{"code":"ISR","display":"Israel"},{"code":"ITA","display":"Italy"},{"code":"JAM","display":"Jamaica"},{"code":"JEY","display":"Jersey"},{"code":"JOR","display":"Jordan"},{"code":"JPN","display":"Japan"},{"code":"KAZ","display":"Kazakhstan"},{"code":"KEN","display":"Kenya"},{"code":"KGZ","display":"Kyrgyzstan"},{"code":"KHM","display":"Cambodia"},{"code":"KIR","display":"Kiribati"},{"code":"KNA","display":"Saint Kitts and Nevis"},{"code":"KOR","display":"Korea, Republic of"},{"code":"KWT","display":"Kuwait"},{"code":"LAO","display":"Lao People's Democratic Republic"},{"code":"LBN","display":"Lebanon"},{"code":"LBR","display":"Liberia"},{"code":"LBY","display":"Libya"},{"code":"LCA","display":"Saint Lucia"},{"code":"LIE","display":"Liechtenstein"},{"code":"LKA","display":"Sri Lanka"},{"code":"LSO","display":"Lesotho"},{"code":"LTU","display":"Lithuania"},{"code":"LUX","display":"Luxembourg"},{"code":"LVA","display":"Latvia"},{"code":"MAC","display":"Macao"},{"code":"MAF","display":"Saint Martin (French part)"},{"code":"MAR","display":"Morocco"},{"code":"MCO","display":"Monaco"},{"code":"MDA","display":"Moldova, Republic of"},{"code":"MDG","display":"Madagascar"},{"code":"MDV","display":"Maldives"},{"code":"MEX","display":"Mexico"},{"code":"MHL","display":"Marshall Islands"},{"code":"MKD","display":"Macedonia, the former Yugoslav Republic of"},{"code":"MLI","display":"Mali"},{"code":"MLT","display":"Malta"},{"code":"MMR","display":"Myanmar"},{"code":"MNE","display":"Montenegro"},{"code":"MNG","display":"Mongolia"},{"code":"MNP","display":"Northern Mariana Islands"},{"code":"MOZ","display":"Mozambique"},{"code":"MRT","display":"Mauritania"},{"code":"MSR","display":"Montserrat"},{"code":"MTQ","display":"Martinique"},{"code":"MUS","display":"Mauritius"},{"code":"MWI","display":"Malawi"},{"code":"MYS","display":"Malaysia"},{"code":"MYT","display":"Mayotte"},{"code":"NAM","display":"Namibia"},{"code":"NCL","display":"New Caledonia"},{"code":"NER","display":"Niger"},{"code":"NFK","display":"Norfolk Island"},{"code":"NGA","display":"Nigeria"},{"code":"NIC","display":"Nicaragua"},{"code":"NIU","display":"Niue"},{"code":"NLD","display":"Netherlands"},{"code":"NOR","display":"Norway"},{"code":"NPL","display":"Nepal"},{"code":"NRU","display":"Nauru"},{"code":"NZL","display":"New Zealand"},{"code":"OMN","display":"Oman"},{"code":"PAK","display":"Pakistan"},{"code":"PAN","display":"Panama"},{"code":"PCN","display":"Pitcairn"},{"code":"PER","display":"Peru"},{"code":"PHL","display":"Philippines"},{"code":"PLW","display":"Palau"},{"code":"PNG","display":"Papua New Guinea"},{"code":"POL","display":"Poland"},{"code":"PRI","display":"Puerto Rico"},{"code":"PRK","display":"Korea, Democratic People's Republic of"},{"code":"PRT","display":"Portugal"},{"code":"PRY","display":"Paraguay"},{"code":"PSE","display":"Palestine, State of"},{"code":"PYF","display":"French Polynesia"},{"code":"QAT","display":"Qatar"},{"code":"REU","display":"Riunion"},{"code":"ROU","display":"Romania"},{"code":"RUS","display":"Russian Federation"},{"code":"RWA","display":"Rwanda"},{"code":"SAU","display":"Saudi Arabia"},{"code":"SDN","display":"Sudan"},{"code":"SEN","display":"Senegal"},{"code":"SGP","display":"Singapore"},{"code":"SGS","display":"South Georgia and the South Sandwich Islands"},{"code":"SHN","display":"Saint Helena, Ascension and Tristan da Cunha"},{"code":"SJM","display":"Svalbard and Jan Mayen"},{"code":"SLB","display":"Solomon Islands"},{"code":"SLE","display":"Sierra Leone"},{"code":"SLV","display":"El Salvador"},{"code":"SMR","display":"San Marino"},{"code":"SOM","display":"Somalia"},{"code":"SPM","display":"Saint Pierre and Miquelon"},{"code":"SRB","display":"Serbia"},{"code":"SSD","display":"South Sudan"},{"code":"STP","display":"Sao Tome and Principe"},{"code":"SUR","display":"Suriname"},{"code":"SVK","display":"Slovakia"},{"code":"SVN","display":"Slovenia"},{"code":"SWE","display":"Sweden"},{"code":"SWZ","display":"Swaziland"},{"code":"SXM","display":"Sint Maarten (Dutch part)"},{"code":"SYC","display":"Seychelles"},{"code":"SYR","display":"Syrian Arab Republic"},{"code":"TCA","display":"Turks and Caicos Islands"},{"code":"TCD","display":"Chad"},{"code":"TGO","display":"Togo"},{"code":"THA","display":"Thailand"},{"code":"TJK","display":"Tajikistan"},{"code":"TKL","display":"Tokelau"},{"code":"TKM","display":"Turkmenistan"},{"code":"TLS","display":"Timor-Leste"},{"code":"TON","display":"Tonga"},{"code":"TTO","display":"Trinidad and Tobago"},{"code":"TUN","display":"Tunisia"},{"code":"TUR","display":"Turkey"},{"code":"TUV","display":"Tuvalu"},{"code":"TWN","display":"Taiwan, Province of China"},{"code":"TZA","display":"Tanzania, United Republic of"},{"code":"UGA","display":"Uganda"},{"code":"UKR","display":"Ukraine"},{"code":"UMI","display":"United States Minor Outlying Islands"},{"code":"URY","display":"Uruguay"},{"code":"USA","display":"United States of America"},{"code":"UZB","display":"Uzbekistan"},{"code":"VAT","display":"Holy See"},{"code":"VCT","display":"Saint Vincent and the Grenadines"},{"code":"VEN","display":"Venezuela, Bolivarian Republic of"},{"code":"VGB","display":"Virgin Islands, British"},{"code":"VIR","display":"Virgin Islands, U.S."},{"code":"VNM","display":"Viet Nam"},{"code":"VUT","display":"Vanuatu"},{"code":"WLF","display":"Wallis and Futuna"},{"code":"WSM","display":"Samoa"},{"code":"YEM","display":"Yemen"},{"code":"ZAF","display":"South Africa"},{"code":"ZMB","display":"Zambia"},{"code":"ZWE","display":"Zimbabwe"}]}