{"resourceType":"ImplementationGuide","id":"uv.esavi","text":{"status":"extensions","div":"<div xmlns=\"http://www.w3.org/1999/xhtml\"><h2>ESAVI</h2><p>The official URL for this implementation guide is: </p><pre>https://paho.org/fhir/esavi/ImplementationGuide/uv.esavi</pre></div>"},"url":"https://paho.org/fhir/esavi/ImplementationGuide/uv.esavi","version":"0.1.44","name":"ESAVI","title":"ESAVI FHIR Implementation Guide","status":"draft","date":"2024-02-26T12:52:04-03:00","publisher":"ESAVI -","contact":[{"name":"ESAVI -","telecom":[{"system":"url","value":"https://covid-19pharmacovigilance.paho.org/resources/updates-on-aefi"},{"system":"email","value":"rizzatodan@paho.org"}]}],"jurisdiction":[{"coding":[{"system":"http://unstats.un.org/unsd/methods/m49/m49.htm","code":"001"}]}],"packageId":"uv.esavi","license":"CC0-1.0","fhirVersion":["4.0.1"],"dependsOn":[{"id":"hl7tx","extension":[{"url":"http://hl7.org/fhir/tools/StructureDefinition/implementationguide-dependency-comment","valueMarkdown":"Automatically added as a dependency - all IGs depend on HL7 Terminology"}],"uri":"http://terminology.hl7.org/ImplementationGuide/hl7.terminology","packageId":"hl7.terminology.r4","version":"5.3.0"},{"id":"hl7ext","extension":[{"url":"http://hl7.org/fhir/tools/StructureDefinition/implementationguide-dependency-comment","valueMarkdown":"Automatically added as a dependency - all IGs depend on the HL7 Extension Pack"}],"uri":"http://hl7.org/fhir/extensions/ImplementationGuide/hl7.fhir.uv.extensions","packageId":"hl7.fhir.uv.extensions.r4","version":"1.0.0"}],"definition":{"extension":[{"extension":[{"url":"code","valueString":"copyrightyear"},{"url":"value","valueString":"2021+"}],"url":"http://hl7.org/fhir/tools/StructureDefinition/ig-parameter"},{"extension":[{"url":"code","valueString":"releaselabel"},{"url":"value","valueString":"ci-build"}],"url":"http://hl7.org/fhir/tools/StructureDefinition/ig-parameter"},{"extension":[{"url":"code","valueString":"autoload-resources"},{"url":"value","valueString":"true"}],"url":"http://hl7.org/fhir/tools/StructureDefinition/ig-parameter"},{"extension":[{"url":"code","valueString":"path-liquid"},{"url":"value","valueString":"template/liquid"}],"url":"http://hl7.org/fhir/tools/StructureDefinition/ig-parameter"},{"extension":[{"url":"code","valueString":"path-liquid"},{"url":"value","valueString":"input/liquid"}],"url":"http://hl7.org/fhir/tools/StructureDefinition/ig-parameter"},{"extension":[{"url":"code","valueString":"path-qa"},{"url":"value","valueString":"temp/qa"}],"url":"http://hl7.org/fhir/tools/StructureDefinition/ig-parameter"},{"extension":[{"url":"code","valueString":"path-temp"},{"url":"value","valueString":"temp/pages"}],"url":"http://hl7.org/fhir/tools/StructureDefinition/ig-parameter"},{"extension":[{"url":"code","valueString":"path-output"},{"url":"value","valueString":"output"}],"url":"http://hl7.org/fhir/tools/StructureDefinition/ig-parameter"},{"extension":[{"url":"code","valueString":"path-suppressed-warnings"},{"url":"value","valueString":"input/ignoreWarnings.txt"}],"url":"http://hl7.org/fhir/tools/StructureDefinition/ig-parameter"},{"extension":[{"url":"code","valueString":"path-history"},{"url":"value","valueString":"https://paho.org/fhir/esavi/history.html"}],"url":"http://hl7.org/fhir/tools/StructureDefinition/ig-parameter"},{"extension":[{"url":"code","valueString":"template-html"},{"url":"value","valueString":"template-page.html"}],"url":"http://hl7.org/fhir/tools/StructureDefinition/ig-parameter"},{"extension":[{"url":"code","valueString":"template-md"},{"url":"value","valueString":"template-page-md.html"}],"url":"http://hl7.org/fhir/tools/StructureDefinition/ig-parameter"},{"extension":[{"url":"code","valueString":"apply-contact"},{"url":"value","valueString":"true"}],"url":"http://hl7.org/fhir/tools/StructureDefinition/ig-parameter"},{"extension":[{"url":"code","valueString":"apply-context"},{"url":"value","valueString":"true"}],"url":"http://hl7.org/fhir/tools/StructureDefinition/ig-parameter"},{"extension":[{"url":"code","valueString":"apply-copyright"},{"url":"value","valueString":"true"}],"url":"http://hl7.org/fhir/tools/StructureDefinition/ig-parameter"},{"extension":[{"url":"code","valueString":"apply-jurisdiction"},{"url":"value","valueString":"true"}],"url":"http://hl7.org/fhir/tools/StructureDefinition/ig-parameter"},{"extension":[{"url":"code","valueString":"apply-license"},{"url":"value","valueString":"true"}],"url":"http://hl7.org/fhir/tools/StructureDefinition/ig-parameter"},{"extension":[{"url":"code","valueString":"apply-publisher"},{"url":"value","valueString":"true"}],"url":"http://hl7.org/fhir/tools/StructureDefinition/ig-parameter"},{"extension":[{"url":"code","valueString":"apply-version"},{"url":"value","valueString":"true"}],"url":"http://hl7.org/fhir/tools/StructureDefinition/ig-parameter"},{"extension":[{"url":"code","valueString":"apply-wg"},{"url":"value","valueString":"true"}],"url":"http://hl7.org/fhir/tools/StructureDefinition/ig-parameter"},{"extension":[{"url":"code","valueString":"active-tables"},{"url":"value","valueString":"true"}],"url":"http://hl7.org/fhir/tools/StructureDefinition/ig-parameter"},{"extension":[{"url":"code","valueString":"fmm-definition"},{"url":"value","valueString":"http://hl7.org/fhir/versions.html#maturity"}],"url":"http://hl7.org/fhir/tools/StructureDefinition/ig-parameter"},{"extension":[{"url":"code","valueString":"propagate-status"},{"url":"value","valueString":"true"}],"url":"http://hl7.org/fhir/tools/StructureDefinition/ig-parameter"},{"extension":[{"url":"code","valueString":"excludelogbinaryformat"},{"url":"value","valueString":"true"}],"url":"http://hl7.org/fhir/tools/StructureDefinition/ig-parameter"},{"extension":[{"url":"code","valueString":"tabbed-snapshots"},{"url":"value","valueString":"true"}],"url":"http://hl7.org/fhir/tools/StructureDefinition/ig-parameter"},{"url":"http://hl7.org/fhir/tools/StructureDefinition/ig-internal-dependency","valueCode":"hl7.fhir.uv.tools#current"},{"extension":[{"url":"code","valueCode":"copyrightyear"},{"url":"value","valueString":"2021+"}],"url":"http://hl7.org/fhir/tools/StructureDefinition/ig-parameter"},{"extension":[{"url":"code","valueCode":"releaselabel"},{"url":"value","valueString":"ci-build"}],"url":"http://hl7.org/fhir/tools/StructureDefinition/ig-parameter"},{"extension":[{"url":"code","valueCode":"autoload-resources"},{"url":"value","valueString":"true"}],"url":"http://hl7.org/fhir/tools/StructureDefinition/ig-parameter"},{"extension":[{"url":"code","valueCode":"path-liquid"},{"url":"value","valueString":"template/liquid"}],"url":"http://hl7.org/fhir/tools/StructureDefinition/ig-parameter"},{"extension":[{"url":"code","valueCode":"path-liquid"},{"url":"value","valueString":"input/liquid"}],"url":"http://hl7.org/fhir/tools/StructureDefinition/ig-parameter"},{"extension":[{"url":"code","valueCode":"path-qa"},{"url":"value","valueString":"temp/qa"}],"url":"http://hl7.org/fhir/tools/StructureDefinition/ig-parameter"},{"extension":[{"url":"code","valueCode":"path-temp"},{"url":"value","valueString":"temp/pages"}],"url":"http://hl7.org/fhir/tools/StructureDefinition/ig-parameter"},{"extension":[{"url":"code","valueCode":"path-output"},{"url":"value","valueString":"output"}],"url":"http://hl7.org/fhir/tools/StructureDefinition/ig-parameter"},{"extension":[{"url":"code","valueCode":"path-suppressed-warnings"},{"url":"value","valueString":"input/ignoreWarnings.txt"}],"url":"http://hl7.org/fhir/tools/StructureDefinition/ig-parameter"},{"extension":[{"url":"code","valueCode":"path-history"},{"url":"value","valueString":"https://paho.org/fhir/esavi/history.html"}],"url":"http://hl7.org/fhir/tools/StructureDefinition/ig-parameter"},{"extension":[{"url":"code","valueCode":"template-html"},{"url":"value","valueString":"template-page.html"}],"url":"http://hl7.org/fhir/tools/StructureDefinition/ig-parameter"},{"extension":[{"url":"code","valueCode":"template-md"},{"url":"value","valueString":"template-page-md.html"}],"url":"http://hl7.org/fhir/tools/StructureDefinition/ig-parameter"},{"extension":[{"url":"code","valueCode":"apply-contact"},{"url":"value","valueString":"true"}],"url":"http://hl7.org/fhir/tools/StructureDefinition/ig-parameter"},{"extension":[{"url":"code","valueCode":"apply-context"},{"url":"value","valueString":"true"}],"url":"http://hl7.org/fhir/tools/StructureDefinition/ig-parameter"},{"extension":[{"url":"code","valueCode":"apply-copyright"},{"url":"value","valueString":"true"}],"url":"http://hl7.org/fhir/tools/StructureDefinition/ig-parameter"},{"extension":[{"url":"code","valueCode":"apply-jurisdiction"},{"url":"value","valueString":"true"}],"url":"http://hl7.org/fhir/tools/StructureDefinition/ig-parameter"},{"extension":[{"url":"code","valueCode":"apply-license"},{"url":"value","valueString":"true"}],"url":"http://hl7.org/fhir/tools/StructureDefinition/ig-parameter"},{"extension":[{"url":"code","valueCode":"apply-publisher"},{"url":"value","valueString":"true"}],"url":"http://hl7.org/fhir/tools/StructureDefinition/ig-parameter"},{"extension":[{"url":"code","valueCode":"apply-version"},{"url":"value","valueString":"true"}],"url":"http://hl7.org/fhir/tools/StructureDefinition/ig-parameter"},{"extension":[{"url":"code","valueCode":"apply-wg"},{"url":"value","valueString":"true"}],"url":"http://hl7.org/fhir/tools/StructureDefinition/ig-parameter"},{"extension":[{"url":"code","valueCode":"active-tables"},{"url":"value","valueString":"true"}],"url":"http://hl7.org/fhir/tools/StructureDefinition/ig-parameter"},{"extension":[{"url":"code","valueCode":"fmm-definition"},{"url":"value","valueString":"http://hl7.org/fhir/versions.html#maturity"}],"url":"http://hl7.org/fhir/tools/StructureDefinition/ig-parameter"},{"extension":[{"url":"code","valueCode":"propagate-status"},{"url":"value","valueString":"true"}],"url":"http://hl7.org/fhir/tools/StructureDefinition/ig-parameter"},{"extension":[{"url":"code","valueCode":"excludelogbinaryformat"},{"url":"value","valueString":"true"}],"url":"http://hl7.org/fhir/tools/StructureDefinition/ig-parameter"},{"extension":[{"url":"code","valueCode":"tabbed-snapshots"},{"url":"value","valueString":"true"}],"url":"http://hl7.org/fhir/tools/StructureDefinition/ig-parameter"},{"extension":[{"url":"code","valueCode":"copyrightyear"},{"url":"value","valueString":"2021+"}],"url":"http://hl7.org/fhir/tools/StructureDefinition/ig-parameter"},{"extension":[{"url":"code","valueCode":"releaselabel"},{"url":"value","valueString":"ci-build"}],"url":"http://hl7.org/fhir/tools/StructureDefinition/ig-parameter"},{"extension":[{"url":"code","valueCode":"autoload-resources"},{"url":"value","valueString":"true"}],"url":"http://hl7.org/fhir/tools/StructureDefinition/ig-parameter"},{"extension":[{"url":"code","valueCode":"path-liquid"},{"url":"value","valueString":"template/liquid"}],"url":"http://hl7.org/fhir/tools/StructureDefinition/ig-parameter"},{"extension":[{"url":"code","valueCode":"path-liquid"},{"url":"value","valueString":"input/liquid"}],"url":"http://hl7.org/fhir/tools/StructureDefinition/ig-parameter"},{"extension":[{"url":"code","valueCode":"path-qa"},{"url":"value","valueString":"temp/qa"}],"url":"http://hl7.org/fhir/tools/StructureDefinition/ig-parameter"},{"extension":[{"url":"code","valueCode":"path-temp"},{"url":"value","valueString":"temp/pages"}],"url":"http://hl7.org/fhir/tools/StructureDefinition/ig-parameter"},{"extension":[{"url":"code","valueCode":"path-output"},{"url":"value","valueString":"output"}],"url":"http://hl7.org/fhir/tools/StructureDefinition/ig-parameter"},{"extension":[{"url":"code","valueCode":"path-suppressed-warnings"},{"url":"value","valueString":"input/ignoreWarnings.txt"}],"url":"http://hl7.org/fhir/tools/StructureDefinition/ig-parameter"},{"extension":[{"url":"code","valueCode":"path-history"},{"url":"value","valueString":"https://paho.org/fhir/esavi/history.html"}],"url":"http://hl7.org/fhir/tools/StructureDefinition/ig-parameter"},{"extension":[{"url":"code","valueCode":"template-html"},{"url":"value","valueString":"template-page.html"}],"url":"http://hl7.org/fhir/tools/StructureDefinition/ig-parameter"},{"extension":[{"url":"code","valueCode":"template-md"},{"url":"value","valueString":"template-page-md.html"}],"url":"http://hl7.org/fhir/tools/StructureDefinition/ig-parameter"},{"extension":[{"url":"code","valueCode":"apply-contact"},{"url":"value","valueString":"true"}],"url":"http://hl7.org/fhir/tools/StructureDefinition/ig-parameter"},{"extension":[{"url":"code","valueCode":"apply-context"},{"url":"value","valueString":"true"}],"url":"http://hl7.org/fhir/tools/StructureDefinition/ig-parameter"},{"extension":[{"url":"code","valueCode":"apply-copyright"},{"url":"value","valueString":"true"}],"url":"http://hl7.org/fhir/tools/StructureDefinition/ig-parameter"},{"extension":[{"url":"code","valueCode":"apply-jurisdiction"},{"url":"value","valueString":"true"}],"url":"http://hl7.org/fhir/tools/StructureDefinition/ig-parameter"},{"extension":[{"url":"code","valueCode":"apply-license"},{"url":"value","valueString":"true"}],"url":"http://hl7.org/fhir/tools/StructureDefinition/ig-parameter"},{"extension":[{"url":"code","valueCode":"apply-publisher"},{"url":"value","valueString":"true"}],"url":"http://hl7.org/fhir/tools/StructureDefinition/ig-parameter"},{"extension":[{"url":"code","valueCode":"apply-version"},{"url":"value","valueString":"true"}],"url":"http://hl7.org/fhir/tools/StructureDefinition/ig-parameter"},{"extension":[{"url":"code","valueCode":"apply-wg"},{"url":"value","valueString":"true"}],"url":"http://hl7.org/fhir/tools/StructureDefinition/ig-parameter"},{"extension":[{"url":"code","valueCode":"active-tables"},{"url":"value","valueString":"true"}],"url":"http://hl7.org/fhir/tools/StructureDefinition/ig-parameter"},{"extension":[{"url":"code","valueCode":"fmm-definition"},{"url":"value","valueString":"http://hl7.org/fhir/versions.html#maturity"}],"url":"http://hl7.org/fhir/tools/StructureDefinition/ig-parameter"},{"extension":[{"url":"code","valueCode":"propagate-status"},{"url":"value","valueString":"true"}],"url":"http://hl7.org/fhir/tools/StructureDefinition/ig-parameter"},{"extension":[{"url":"code","valueCode":"excludelogbinaryformat"},{"url":"value","valueString":"true"}],"url":"http://hl7.org/fhir/tools/StructureDefinition/ig-parameter"},{"extension":[{"url":"code","valueCode":"tabbed-snapshots"},{"url":"value","valueString":"true"}],"url":"http://hl7.org/fhir/tools/StructureDefinition/ig-parameter"}],"grouping":[{"id":"-str-profile","name":"Structures: Resource Profiles","description":"These define constraints on FHIR resources for systems conforming to this implementation guide."},{"id":"-term-valueset","name":"Terminology: Value Sets","description":"These define sets of codes used by systems conforming to this implementation guide."},{"id":"-term-codesystem","name":"Terminology: Code Systems","description":"These define new code systems used by systems conforming to this implementation guide."},{"id":"-ex-example","name":"Example: Example Instances","description":"These are example instances that show what data produced and consumed by systems conforming with this implementation guide might look like."}],"resource":[{"extension":[{"url":"http://hl7.org/fhir/tools/StructureDefinition/resource-sort","valueInteger":999999999},{"url":"http://hl7.org/fhir/StructureDefinition/implementationguide-page","valueUri":"StructureDefinition-ESAVIQuestionnaireResponse.html"}],"reference":{"reference":"StructureDefinition/ESAVIQuestionnaireResponse"},"name":"ESAVI Questionnaire Response","description":"Profile with the minimum elements to consider to generate the response to the PAHO ESAVI questionnaire","exampleBoolean":false,"groupingId":"-str-profile"},{"extension":[{"url":"http://hl7.org/fhir/tools/StructureDefinition/resource-sort","valueInteger":999999999},{"url":"http://hl7.org/fhir/StructureDefinition/implementationguide-page","valueUri":"ValueSet-ModoConfirmacionInfeccionVS.html"}],"reference":{"reference":"ValueSet/ModoConfirmacionInfeccionVS"},"name":"COVID-19 Infection Confirmation Modes","description":"Modes of Confirmation of COVID-19 Infection","exampleBoolean":false,"groupingId":"-term-valueset"},{"extension":[{"url":"http://hl7.org/fhir/tools/StructureDefinition/resource-sort","valueInteger":999999999},{"url":"http://hl7.org/fhir/StructureDefinition/implementationguide-page","valueUri":"ValueSet-SistemasDeCodificacionVS.html"}],"reference":{"reference":"ValueSet/SistemasDeCodificacionVS"},"name":"Coding Systems","description":"Coding Systems for Code Determination","exampleBoolean":false,"groupingId":"-term-valueset"},{"extension":[{"url":"http://hl7.org/fhir/tools/StructureDefinition/resource-sort","valueInteger":999999999},{"url":"http://hl7.org/fhir/StructureDefinition/implementationguide-page","valueUri":"ValueSet-codCountries.html"}],"reference":{"reference":"ValueSet/codCountries"},"name":"Country Codes","description":"Codes defined for the identification of countries according to ISO3166-N standard","exampleBoolean":false,"groupingId":"-term-valueset"},{"extension":[{"url":"http://hl7.org/fhir/tools/StructureDefinition/resource-sort","valueInteger":999999999},{"url":"http://hl7.org/fhir/StructureDefinition/implementationguide-page","valueUri":"ValueSet-FormaFarmaceuticaVS.html"}],"reference":{"reference":"ValueSet/FormaFarmaceuticaVS"},"name":"Identification of Pharmaceutical Forms","description":"Describes and lists the pharmaceutical forms of medications for registration in ESAVI according to SNOMED CT","exampleBoolean":false,"groupingId":"-term-valueset"},{"extension":[{"url":"http://hl7.org/fhir/tools/StructureDefinition/resource-sort","valueInteger":999999999},{"url":"http://hl7.org/fhir/StructureDefinition/implementationguide-page","valueUri":"ValueSet-ComplicacionEmbarazoMedDRAVS.html"}],"reference":{"reference":"ValueSet/ComplicacionEmbarazoMedDRAVS"},"name":"MEDDRA Codes Complications in Pregnancy ESAVI","description":"Standardized coding of diagnoses of pregnancy complications using MedDRA codes","exampleBoolean":false,"groupingId":"-term-valueset"},{"extension":[{"url":"http://hl7.org/fhir/tools/StructureDefinition/resource-sort","valueInteger":999999999},{"url":"http://hl7.org/fhir/StructureDefinition/implementationguide-page","valueUri":"ValueSet-EsaviMedDRAVS.html"}],"reference":{"reference":"ValueSet/EsaviMedDRAVS"},"name":"MedDRA Code of the Reported Adverse Event","description":"MedDRA Code of the Reported Adverse Event","exampleBoolean":false,"groupingId":"-term-valueset"},{"extension":[{"url":"http://hl7.org/fhir/tools/StructureDefinition/resource-sort","valueInteger":999999999},{"url":"http://hl7.org/fhir/StructureDefinition/implementationguide-page","valueUri":"ValueSet-CodeMedDRAEnfPreviaVS.html"}],"reference":{"reference":"ValueSet/CodeMedDRAEnfPreviaVS"},"name":"MedDRA codes to represent previous diseases in an ESAVI-PAHO","description":"Describes the previous diseases in an ESAVI coded in MedDRA","exampleBoolean":false,"groupingId":"-term-valueset"},{"extension":[{"url":"http://hl7.org/fhir/tools/StructureDefinition/resource-sort","valueInteger":999999999},{"url":"http://hl7.org/fhir/StructureDefinition/implementationguide-page","valueUri":"ValueSet-ViaAdminMedicamentoVS.html"}],"reference":{"reference":"ValueSet/ViaAdminMedicamentoVS"},"name":"Medication Administration Routes","description":"Describes and lists the routes of administration of medications for registration in ESAVI according to SNOMED CT","exampleBoolean":false,"groupingId":"-term-valueset"},{"extension":[{"url":"http://hl7.org/fhir/tools/StructureDefinition/resource-sort","valueInteger":999999999},{"url":"http://hl7.org/fhir/StructureDefinition/implementationguide-page","valueUri":"ValueSet-CodigoMedicamentoVS.html"}],"reference":{"reference":"ValueSet/CodigoMedicamentoVS"},"name":"Medication Code","description":"Medication Code","exampleBoolean":false,"groupingId":"-term-valueset"},{"extension":[{"url":"http://hl7.org/fhir/tools/StructureDefinition/resource-sort","valueInteger":999999999},{"url":"http://hl7.org/fhir/StructureDefinition/implementationguide-page","valueUri":"ValueSet-ClasificacionDesenlaceNaranjoVS.html"}],"reference":{"reference":"ValueSet/ClasificacionDesenlaceNaranjoVS"},"name":"Naranjo Causality Classification","description":"Naranjo causality classification method","exampleBoolean":false,"groupingId":"-term-valueset"},{"extension":[{"url":"http://hl7.org/fhir/tools/StructureDefinition/resource-sort","valueInteger":999999999},{"url":"http://hl7.org/fhir/StructureDefinition/implementationguide-page","valueUri":"ValueSet-CodeNoWhoVacunaVS.html"}],"reference":{"reference":"ValueSet/CodeNoWhoVacunaVS"},"name":"Non-WHODrug Vaccine Code","description":"Vaccine non-WHODrug code","exampleBoolean":false,"groupingId":"-term-valueset"},{"extension":[{"url":"http://hl7.org/fhir/tools/StructureDefinition/resource-sort","valueInteger":999999999},{"url":"http://hl7.org/fhir/StructureDefinition/implementationguide-page","valueUri":"ValueSet-EsaviOtroVS.html"}],"reference":{"reference":"ValueSet/EsaviOtroVS"},"name":"Other Adverse Event Codes","description":"Adverse event in another system according to Snomed and ICD-10","exampleBoolean":false,"groupingId":"-term-valueset"},{"extension":[{"url":"http://hl7.org/fhir/tools/StructureDefinition/resource-sort","valueInteger":999999999},{"url":"http://hl7.org/fhir/StructureDefinition/implementationguide-page","valueUri":"ValueSet-ComplicacionEmbarazoOtrosVS.html"}],"reference":{"reference":"ValueSet/ComplicacionEmbarazoOtrosVS"},"name":"Other ESAVI Pregnancy Complications Codes","description":"Standardized coding of diagnoses of pregnancy complications using Snomed and ICD-10 codes","exampleBoolean":false,"groupingId":"-term-valueset"},{"extension":[{"url":"http://hl7.org/fhir/tools/StructureDefinition/resource-sort","valueInteger":999999999},{"url":"http://hl7.org/fhir/StructureDefinition/implementationguide-page","valueUri":"ValueSet-ClasificacionDesenlaceVS.html"}],"reference":{"reference":"ValueSet/ClasificacionDesenlaceVS"},"name":"Outcomes After ESAVI","description":"Classification of Outcome After Suffering ESAVI","exampleBoolean":false,"groupingId":"-term-valueset"},{"extension":[{"url":"http://hl7.org/fhir/tools/StructureDefinition/resource-sort","valueInteger":999999999},{"url":"http://hl7.org/fhir/StructureDefinition/implementationguide-page","valueUri":"ValueSet-DirOrgNotiVS.html"}],"reference":{"reference":"ValueSet/DirOrgNotiVS"},"name":"PAHO Codes for Addresses","description":"Set of Values for direction according to OPS","exampleBoolean":false,"groupingId":"-term-valueset"},{"extension":[{"url":"http://hl7.org/fhir/tools/StructureDefinition/resource-sort","valueInteger":999999999},{"url":"http://hl7.org/fhir/StructureDefinition/implementationguide-page","valueUri":"ValueSet-ComplicacionEmbarazoVS.html"}],"reference":{"reference":"ValueSet/ComplicacionEmbarazoVS"},"name":"Pregnancy Complications","description":"Set of Values for the ESAVI Pregnancy Complications Section","exampleBoolean":false,"groupingId":"-term-valueset"},{"extension":[{"url":"http://hl7.org/fhir/tools/StructureDefinition/resource-sort","valueInteger":999999999},{"url":"http://hl7.org/fhir/StructureDefinition/implementationguide-page","valueUri":"ValueSet-ModoVerificacionVacunaVS.html"}],"reference":{"reference":"ValueSet/ModoVerificacionVacunaVS"},"name":"Previous Vaccine Verification Modes","description":"Vaccine Verification Modes or Completed Vaccination Schedule","exampleBoolean":false,"groupingId":"-term-valueset"},{"extension":[{"url":"http://hl7.org/fhir/tools/StructureDefinition/resource-sort","valueInteger":999999999},{"url":"http://hl7.org/fhir/StructureDefinition/implementationguide-page","valueUri":"ValueSet-CodigosEnfPreviaVS.html"}],"reference":{"reference":"ValueSet/CodigosEnfPreviaVS"},"name":"Previous illnesses in an ESAVI-PAHO","description":"Describes the previous diseases in an ESAVI coded in ICD10, ICD11 or SNOMED CT","exampleBoolean":false,"groupingId":"-term-valueset"},{"extension":[{"url":"http://hl7.org/fhir/tools/StructureDefinition/resource-sort","valueInteger":999999999},{"url":"http://hl7.org/fhir/StructureDefinition/implementationguide-page","valueUri":"ValueSet-RespuestaSiNoNoSabeVS.html"}],"reference":{"reference":"ValueSet/RespuestaSiNoNoSabeVS"},"name":"Simple Answers","description":"Codes to capture simple yes/no/don't know responses","exampleBoolean":false,"groupingId":"-term-valueset"},{"extension":[{"url":"http://hl7.org/fhir/tools/StructureDefinition/resource-sort","valueInteger":999999999},{"url":"http://hl7.org/fhir/StructureDefinition/implementationguide-page","valueUri":"ValueSet-SistemaClasfCausalidadVS.html"}],"reference":{"reference":"ValueSet/SistemaClasfCausalidadVS"},"name":"Type of Causality Classification Method","description":"Codes for Types and Causality Classification Methods","exampleBoolean":false,"groupingId":"-term-valueset"},{"extension":[{"url":"http://hl7.org/fhir/tools/StructureDefinition/resource-sort","valueInteger":999999999},{"url":"http://hl7.org/fhir/StructureDefinition/implementationguide-page","valueUri":"ValueSet-ProfesionalNotificadorVS.html"}],"reference":{"reference":"ValueSet/ProfesionalNotificadorVS"},"name":"Type of Notifying Professional","description":"ESAVI Notifier Type Codes for PAHO","exampleBoolean":false,"groupingId":"-term-valueset"},{"extension":[{"url":"http://hl7.org/fhir/tools/StructureDefinition/resource-sort","valueInteger":999999999},{"url":"http://hl7.org/fhir/StructureDefinition/implementationguide-page","valueUri":"ValueSet-CodigoWhoFAbricanteVS.html"}],"reference":{"reference":"ValueSet/CodigoWhoFAbricanteVS"},"name":"Vaccine Manufacturers","description":"WHO Vaccine Manufacturer Codes","exampleBoolean":false,"groupingId":"-term-valueset"},{"extension":[{"url":"http://hl7.org/fhir/tools/StructureDefinition/resource-sort","valueInteger":999999999},{"url":"http://hl7.org/fhir/StructureDefinition/implementationguide-page","valueUri":"ValueSet-ClasificacionDesenlaceWHOAEFIVS.html"}],"reference":{"reference":"ValueSet/ClasificacionDesenlaceWHOAEFIVS"},"name":"WHO-AEFI causality classification","description":"WHO-AEFI causality classification method","exampleBoolean":false,"groupingId":"-term-valueset"},{"extension":[{"url":"http://hl7.org/fhir/tools/StructureDefinition/resource-sort","valueInteger":999999999},{"url":"http://hl7.org/fhir/StructureDefinition/implementationguide-page","valueUri":"ValueSet-ClassificacionDesenlaceWHOUMCVS.html"}],"reference":{"reference":"ValueSet/ClassificacionDesenlaceWHOUMCVS"},"name":"WHO-UMC Causality Classification","description":"WHO-UMC causality classification method","exampleBoolean":false,"groupingId":"-term-valueset"},{"extension":[{"url":"http://hl7.org/fhir/tools/StructureDefinition/resource-sort","valueInteger":999999999},{"url":"http://hl7.org/fhir/StructureDefinition/implementationguide-page","valueUri":"ValueSet-CodeWhoVacunaVS.html"}],"reference":{"reference":"ValueSet/CodeWhoVacunaVS"},"name":"WHODrug code for the vaccine","description":"Standardized Coding of the Vaccine Code according to WhoDrug","exampleBoolean":false,"groupingId":"-term-valueset"},{"extension":[{"url":"http://hl7.org/fhir/tools/StructureDefinition/resource-sort","valueInteger":999999999},{"url":"http://hl7.org/fhir/StructureDefinition/implementationguide-page","valueUri":"CodeSystem-SistemasDeCodificacionCS.html"}],"reference":{"reference":"CodeSystem/SistemasDeCodificacionCS"},"name":"Coding Systems","description":"Coding Systems for Code Determination","exampleBoolean":false,"groupingId":"-term-codesystem"},{"extension":[{"url":"http://hl7.org/fhir/tools/StructureDefinition/resource-sort","valueInteger":999999999},{"url":"http://hl7.org/fhir/StructureDefinition/implementationguide-page","valueUri":"CodeSystem-codCountriesCS.html"}],"reference":{"reference":"CodeSystem/codCountriesCS"},"name":"Country Codes","description":"Codes defined for the identification of countries according to ISO3166-3 standard","exampleBoolean":false,"groupingId":"-term-codesystem"},{"extension":[{"url":"http://hl7.org/fhir/tools/StructureDefinition/resource-sort","valueInteger":999999999},{"url":"http://hl7.org/fhir/StructureDefinition/implementationguide-page","valueUri":"CodeSystem-ModoConfirmacionInfeccionCS.html"}],"reference":{"reference":"CodeSystem/ModoConfirmacionInfeccionCS"},"name":"Infection Confirmation Mode","description":"Modes of Confirmation of COVID-19 Infection","exampleBoolean":false,"groupingId":"-term-codesystem"},{"extension":[{"url":"http://hl7.org/fhir/tools/StructureDefinition/resource-sort","valueInteger":999999999},{"url":"http://hl7.org/fhir/StructureDefinition/implementationguide-page","valueUri":"CodeSystem-ClasificacionDesenlaceNaranjoCS.html"}],"reference":{"reference":"CodeSystem/ClasificacionDesenlaceNaranjoCS"},"name":"Naranjo Causality Classification","description":"Naranjo causality classification method","exampleBoolean":false,"groupingId":"-term-codesystem"},{"extension":[{"url":"http://hl7.org/fhir/tools/StructureDefinition/resource-sort","valueInteger":999999999},{"url":"http://hl7.org/fhir/StructureDefinition/implementationguide-page","valueUri":"CodeSystem-ClasificacionDesenlaceCS.html"}],"reference":{"reference":"CodeSystem/ClasificacionDesenlaceCS"},"name":"Outcomes After ESAVI","description":"Classification of Outcome After Suffering ESAVI","exampleBoolean":false,"groupingId":"-term-codesystem"},{"extension":[{"url":"http://hl7.org/fhir/tools/StructureDefinition/resource-sort","valueInteger":999999999},{"url":"http://hl7.org/fhir/StructureDefinition/implementationguide-page","valueUri":"CodeSystem-DirOrgNotiCS.html"}],"reference":{"reference":"CodeSystem/DirOrgNotiCS"},"name":"PAHO Codes for Addresses","description":"Address Codes according to PAHO","exampleBoolean":false,"groupingId":"-term-codesystem"},{"extension":[{"url":"http://hl7.org/fhir/tools/StructureDefinition/resource-sort","valueInteger":999999999},{"url":"http://hl7.org/fhir/StructureDefinition/implementationguide-page","valueUri":"CodeSystem-ComplicacionEmbarazoCS.html"}],"reference":{"reference":"CodeSystem/ComplicacionEmbarazoCS"},"name":"Pregnancy Complications","description":"Codes for Pregnancy Complications","exampleBoolean":false,"groupingId":"-term-codesystem"},{"extension":[{"url":"http://hl7.org/fhir/tools/StructureDefinition/resource-sort","valueInteger":999999999},{"url":"http://hl7.org/fhir/StructureDefinition/implementationguide-page","valueUri":"CodeSystem-ModoVerificacionVacunaCS.html"}],"reference":{"reference":"CodeSystem/ModoVerificacionVacunaCS"},"name":"Prior Vaccination Verification Mode","description":"Vaccine Verification Modes or Completed Vaccination Schedule","exampleBoolean":false,"groupingId":"-term-codesystem"},{"extension":[{"url":"http://hl7.org/fhir/tools/StructureDefinition/resource-sort","valueInteger":999999999},{"url":"http://hl7.org/fhir/StructureDefinition/implementationguide-page","valueUri":"CodeSystem-RespuestaSiNoNoSabeCS.html"}],"reference":{"reference":"CodeSystem/RespuestaSiNoNoSabeCS"},"name":"Simple Answers","description":"Codes to capture simple yes/no/don't know responses","exampleBoolean":false,"groupingId":"-term-codesystem"},{"extension":[{"url":"http://hl7.org/fhir/tools/StructureDefinition/resource-sort","valueInteger":999999999},{"url":"http://hl7.org/fhir/StructureDefinition/implementationguide-page","valueUri":"CodeSystem-SistemaClasfCausalidadCS.html"}],"reference":{"reference":"CodeSystem/SistemaClasfCausalidadCS"},"name":"Type of Causality Classification Method","description":"Codes for Types of Causality Classification Methods","exampleBoolean":false,"groupingId":"-term-codesystem"},{"extension":[{"url":"http://hl7.org/fhir/tools/StructureDefinition/resource-sort","valueInteger":999999999},{"url":"http://hl7.org/fhir/StructureDefinition/implementationguide-page","valueUri":"CodeSystem-ProfesionalNotificadorCS.html"}],"reference":{"reference":"CodeSystem/ProfesionalNotificadorCS"},"name":"Type of Notifying Professional","description":"ESAVI Notifier Type Codes for PAHO","exampleBoolean":false,"groupingId":"-term-codesystem"},{"extension":[{"url":"http://hl7.org/fhir/tools/StructureDefinition/resource-sort","valueInteger":999999999},{"url":"http://hl7.org/fhir/StructureDefinition/implementationguide-page","valueUri":"CodeSystem-CodeWhoManufacturerCS.html"}],"reference":{"reference":"CodeSystem/CodeWhoManufacturerCS"},"name":"Vaccine Manufacturer","description":"WHO Vaccine Manufacturer Codes","exampleBoolean":false,"groupingId":"-term-codesystem"},{"extension":[{"url":"http://hl7.org/fhir/tools/StructureDefinition/resource-sort","valueInteger":999999999},{"url":"http://hl7.org/fhir/StructureDefinition/implementationguide-page","valueUri":"CodeSystem-ClasificacionDesenlaceWHOAEFICS.html"}],"reference":{"reference":"CodeSystem/ClasificacionDesenlaceWHOAEFICS"},"name":"WHO-AEFI causality classification","description":"WHO-AEFI causality classification method","exampleBoolean":false,"groupingId":"-term-codesystem"},{"extension":[{"url":"http://hl7.org/fhir/tools/StructureDefinition/resource-sort","valueInteger":999999999},{"url":"http://hl7.org/fhir/StructureDefinition/implementationguide-page","valueUri":"CodeSystem-ClasificacionDesenlaceWHOUMCCS.html"}],"reference":{"reference":"CodeSystem/ClasificacionDesenlaceWHOUMCCS"},"name":"WHO-UMC Causality Classification","description":"WHO-UMC causality classification method","exampleBoolean":false,"groupingId":"-term-codesystem"},{"extension":[{"url":"http://hl7.org/fhir/tools/StructureDefinition/resource-sort","valueInteger":999999999},{"url":"http://hl7.org/fhir/StructureDefinition/implementationguide-page","valueUri":"Questionnaire-CuestionarioESAVI.html"}],"reference":{"reference":"Questionnaire/CuestionarioESAVI"},"name":"ESAVI Questionnaire","description":"ESAVI Questionnaire","exampleBoolean":true,"groupingId":"-ex-example"},{"extension":[{"url":"http://hl7.org/fhir/tools/StructureDefinition/resource-sort","valueInteger":999999999},{"url":"http://hl7.org/fhir/StructureDefinition/implementationguide-page","valueUri":"QuestionnaireResponse-ejDosNuevo.html"}],"reference":{"reference":"QuestionnaireResponse/ejDosNuevo"},"name":"ejDosNuevo","description":"Ejemplo de cuestionario Respondido 2","exampleCanonical":"https://paho.org/fhir/esavi/StructureDefinition/ESAVIQuestionnaireResponse","groupingId":"-ex-example"},{"extension":[{"url":"http://hl7.org/fhir/tools/StructureDefinition/resource-sort","valueInteger":999999999},{"url":"http://hl7.org/fhir/StructureDefinition/implementationguide-page","valueUri":"QuestionnaireResponse-ejTresNuevo.html"}],"reference":{"reference":"QuestionnaireResponse/ejTresNuevo"},"name":"ejTresNuevo","description":"Ejemplo de cuestionario Respondido 3","exampleCanonical":"https://paho.org/fhir/esavi/StructureDefinition/ESAVIQuestionnaireResponse","groupingId":"-ex-example"},{"extension":[{"url":"http://hl7.org/fhir/tools/StructureDefinition/resource-sort","valueInteger":999999999},{"url":"http://hl7.org/fhir/StructureDefinition/implementationguide-page","valueUri":"QuestionnaireResponse-ejUnoNuevo.html"}],"reference":{"reference":"QuestionnaireResponse/ejUnoNuevo"},"name":"ejUnoNuevo","description":"Ejemplo de cuestionario Respondido 1","exampleCanonical":"https://paho.org/fhir/esavi/StructureDefinition/ESAVIQuestionnaireResponse","groupingId":"-ex-example"}],"page":{"extension":[{"url":"http://hl7.org/fhir/tools/StructureDefinition/ig-page-name","valueUrl":"toc.html"}],"nameUrl":"toc.html","title":"Table of Contents","generation":"html","page":[{"extension":[{"url":"http://hl7.org/fhir/tools/StructureDefinition/ig-page-name","valueUrl":"index.html"}],"nameUrl":"index.html","title":"Home","generation":"markdown"},{"extension":[{"url":"http://hl7.org/fhir/tools/StructureDefinition/ig-page-name","valueUrl":"objetivos.html"}],"nameUrl":"objetivos.html","title":"Goals","generation":"markdown"},{"extension":[{"url":"http://hl7.org/fhir/tools/StructureDefinition/ig-page-name","valueUrl":"alcance.html"}],"nameUrl":"alcance.html","title":"Scope","generation":"markdown"},{"extension":[{"url":"http://hl7.org/fhir/tools/StructureDefinition/ig-page-name","valueUrl":"uso.html"}],"nameUrl":"uso.html","title":"Use","generation":"markdown"},{"extension":[{"url":"http://hl7.org/fhir/tools/StructureDefinition/ig-page-name","valueUrl":"actores_CasosUso.html"}],"nameUrl":"actores_CasosUso.html","title":"Use case and actors","generation":"markdown"},{"extension":[{"url":"http://hl7.org/fhir/tools/StructureDefinition/ig-page-name","valueUrl":"artifacts.html"}],"nameUrl":"artifacts.html","title":"Artifacts","generation":"html","page":[{"extension":[{"url":"http://hl7.org/fhir/tools/StructureDefinition/ig-page-name","valueUrl":"StructureDefinition-ESAVIQuestionnaireResponse.html"}],"nameUrl":"StructureDefinition-ESAVIQuestionnaireResponse.html","title":"ESAVI Questionnaire Response","generation":"generated"},{"extension":[{"url":"http://hl7.org/fhir/tools/StructureDefinition/ig-page-name","valueUrl":"ValueSet-SistemasDeCodificacionVS.html"}],"nameUrl":"ValueSet-SistemasDeCodificacionVS.html","title":"Coding Systems","generation":"generated"},{"extension":[{"url":"http://hl7.org/fhir/tools/StructureDefinition/ig-page-name","valueUrl":"ValueSet-codCountries.html"}],"nameUrl":"ValueSet-codCountries.html","title":"Country Codes","generation":"generated"},{"extension":[{"url":"http://hl7.org/fhir/tools/StructureDefinition/ig-page-name","valueUrl":"ValueSet-ModoConfirmacionInfeccionVS.html"}],"nameUrl":"ValueSet-ModoConfirmacionInfeccionVS.html","title":"COVID-19 Infection Confirmation Modes","generation":"generated"},{"extension":[{"url":"http://hl7.org/fhir/tools/StructureDefinition/ig-page-name","valueUrl":"ValueSet-FormaFarmaceuticaVS.html"}],"nameUrl":"ValueSet-FormaFarmaceuticaVS.html","title":"Identification of Pharmaceutical Forms","generation":"generated"},{"extension":[{"url":"http://hl7.org/fhir/tools/StructureDefinition/ig-page-name","valueUrl":"ValueSet-EsaviMedDRAVS.html"}],"nameUrl":"ValueSet-EsaviMedDRAVS.html","title":"MedDRA Code of the Reported Adverse Event","generation":"generated"},{"extension":[{"url":"http://hl7.org/fhir/tools/StructureDefinition/ig-page-name","valueUrl":"ValueSet-ComplicacionEmbarazoMedDRAVS.html"}],"nameUrl":"ValueSet-ComplicacionEmbarazoMedDRAVS.html","title":"MEDDRA Codes Complications in Pregnancy ESAVI","generation":"generated"},{"extension":[{"url":"http://hl7.org/fhir/tools/StructureDefinition/ig-page-name","valueUrl":"ValueSet-CodeMedDRAEnfPreviaVS.html"}],"nameUrl":"ValueSet-CodeMedDRAEnfPreviaVS.html","title":"MedDRA codes to represent previous diseases in an ESAVI-PAHO","generation":"generated"},{"extension":[{"url":"http://hl7.org/fhir/tools/StructureDefinition/ig-page-name","valueUrl":"ValueSet-ViaAdminMedicamentoVS.html"}],"nameUrl":"ValueSet-ViaAdminMedicamentoVS.html","title":"Medication Administration Routes","generation":"generated"},{"extension":[{"url":"http://hl7.org/fhir/tools/StructureDefinition/ig-page-name","valueUrl":"ValueSet-CodigoMedicamentoVS.html"}],"nameUrl":"ValueSet-CodigoMedicamentoVS.html","title":"Medication Code","generation":"generated"},{"extension":[{"url":"http://hl7.org/fhir/tools/StructureDefinition/ig-page-name","valueUrl":"ValueSet-ClasificacionDesenlaceNaranjoVS.html"}],"nameUrl":"ValueSet-ClasificacionDesenlaceNaranjoVS.html","title":"Naranjo Causality Classification","generation":"generated"},{"extension":[{"url":"http://hl7.org/fhir/tools/StructureDefinition/ig-page-name","valueUrl":"ValueSet-CodeNoWhoVacunaVS.html"}],"nameUrl":"ValueSet-CodeNoWhoVacunaVS.html","title":"Non-WHODrug Vaccine Code","generation":"generated"},{"extension":[{"url":"http://hl7.org/fhir/tools/StructureDefinition/ig-page-name","valueUrl":"ValueSet-EsaviOtroVS.html"}],"nameUrl":"ValueSet-EsaviOtroVS.html","title":"Other Adverse Event Codes","generation":"generated"},{"extension":[{"url":"http://hl7.org/fhir/tools/StructureDefinition/ig-page-name","valueUrl":"ValueSet-ComplicacionEmbarazoOtrosVS.html"}],"nameUrl":"ValueSet-ComplicacionEmbarazoOtrosVS.html","title":"Other ESAVI Pregnancy Complications Codes","generation":"generated"},{"extension":[{"url":"http://hl7.org/fhir/tools/StructureDefinition/ig-page-name","valueUrl":"ValueSet-ClasificacionDesenlaceVS.html"}],"nameUrl":"ValueSet-ClasificacionDesenlaceVS.html","title":"Outcomes After ESAVI","generation":"generated"},{"extension":[{"url":"http://hl7.org/fhir/tools/StructureDefinition/ig-page-name","valueUrl":"ValueSet-DirOrgNotiVS.html"}],"nameUrl":"ValueSet-DirOrgNotiVS.html","title":"PAHO Codes for Addresses","generation":"generated"},{"extension":[{"url":"http://hl7.org/fhir/tools/StructureDefinition/ig-page-name","valueUrl":"ValueSet-ComplicacionEmbarazoVS.html"}],"nameUrl":"ValueSet-ComplicacionEmbarazoVS.html","title":"Pregnancy Complications","generation":"generated"},{"extension":[{"url":"http://hl7.org/fhir/tools/StructureDefinition/ig-page-name","valueUrl":"ValueSet-CodigosEnfPreviaVS.html"}],"nameUrl":"ValueSet-CodigosEnfPreviaVS.html","title":"Previous illnesses in an ESAVI-PAHO","generation":"generated"},{"extension":[{"url":"http://hl7.org/fhir/tools/StructureDefinition/ig-page-name","valueUrl":"ValueSet-ModoVerificacionVacunaVS.html"}],"nameUrl":"ValueSet-ModoVerificacionVacunaVS.html","title":"Previous Vaccine Verification Modes","generation":"generated"},{"extension":[{"url":"http://hl7.org/fhir/tools/StructureDefinition/ig-page-name","valueUrl":"ValueSet-RespuestaSiNoNoSabeVS.html"}],"nameUrl":"ValueSet-RespuestaSiNoNoSabeVS.html","title":"Simple Answers","generation":"generated"},{"extension":[{"url":"http://hl7.org/fhir/tools/StructureDefinition/ig-page-name","valueUrl":"ValueSet-SistemaClasfCausalidadVS.html"}],"nameUrl":"ValueSet-SistemaClasfCausalidadVS.html","title":"Type of Causality Classification Method","generation":"generated"},{"extension":[{"url":"http://hl7.org/fhir/tools/StructureDefinition/ig-page-name","valueUrl":"ValueSet-ProfesionalNotificadorVS.html"}],"nameUrl":"ValueSet-ProfesionalNotificadorVS.html","title":"Type of Notifying Professional","generation":"generated"},{"extension":[{"url":"http://hl7.org/fhir/tools/StructureDefinition/ig-page-name","valueUrl":"ValueSet-CodigoWhoFAbricanteVS.html"}],"nameUrl":"ValueSet-CodigoWhoFAbricanteVS.html","title":"Vaccine Manufacturers","generation":"generated"},{"extension":[{"url":"http://hl7.org/fhir/tools/StructureDefinition/ig-page-name","valueUrl":"ValueSet-ClasificacionDesenlaceWHOAEFIVS.html"}],"nameUrl":"ValueSet-ClasificacionDesenlaceWHOAEFIVS.html","title":"WHO-AEFI causality classification","generation":"generated"},{"extension":[{"url":"http://hl7.org/fhir/tools/StructureDefinition/ig-page-name","valueUrl":"ValueSet-ClassificacionDesenlaceWHOUMCVS.html"}],"nameUrl":"ValueSet-ClassificacionDesenlaceWHOUMCVS.html","title":"WHO-UMC Causality Classification","generation":"generated"},{"extension":[{"url":"http://hl7.org/fhir/tools/StructureDefinition/ig-page-name","valueUrl":"ValueSet-CodeWhoVacunaVS.html"}],"nameUrl":"ValueSet-CodeWhoVacunaVS.html","title":"WHODrug code for the vaccine","generation":"generated"},{"extension":[{"url":"http://hl7.org/fhir/tools/StructureDefinition/ig-page-name","valueUrl":"CodeSystem-SistemasDeCodificacionCS.html"}],"nameUrl":"CodeSystem-SistemasDeCodificacionCS.html","title":"Coding Systems","generation":"generated"},{"extension":[{"url":"http://hl7.org/fhir/tools/StructureDefinition/ig-page-name","valueUrl":"CodeSystem-codCountriesCS.html"}],"nameUrl":"CodeSystem-codCountriesCS.html","title":"Country Codes","generation":"generated"},{"extension":[{"url":"http://hl7.org/fhir/tools/StructureDefinition/ig-page-name","valueUrl":"CodeSystem-ModoConfirmacionInfeccionCS.html"}],"nameUrl":"CodeSystem-ModoConfirmacionInfeccionCS.html","title":"Infection Confirmation Mode","generation":"generated"},{"extension":[{"url":"http://hl7.org/fhir/tools/StructureDefinition/ig-page-name","valueUrl":"CodeSystem-ClasificacionDesenlaceNaranjoCS.html"}],"nameUrl":"CodeSystem-ClasificacionDesenlaceNaranjoCS.html","title":"Naranjo Causality Classification","generation":"generated"},{"extension":[{"url":"http://hl7.org/fhir/tools/StructureDefinition/ig-page-name","valueUrl":"CodeSystem-ClasificacionDesenlaceCS.html"}],"nameUrl":"CodeSystem-ClasificacionDesenlaceCS.html","title":"Outcomes After ESAVI","generation":"generated"},{"extension":[{"url":"http://hl7.org/fhir/tools/StructureDefinition/ig-page-name","valueUrl":"CodeSystem-DirOrgNotiCS.html"}],"nameUrl":"CodeSystem-DirOrgNotiCS.html","title":"PAHO Codes for Addresses","generation":"generated"},{"extension":[{"url":"http://hl7.org/fhir/tools/StructureDefinition/ig-page-name","valueUrl":"CodeSystem-ComplicacionEmbarazoCS.html"}],"nameUrl":"CodeSystem-ComplicacionEmbarazoCS.html","title":"Pregnancy Complications","generation":"generated"},{"extension":[{"url":"http://hl7.org/fhir/tools/StructureDefinition/ig-page-name","valueUrl":"CodeSystem-ModoVerificacionVacunaCS.html"}],"nameUrl":"CodeSystem-ModoVerificacionVacunaCS.html","title":"Prior Vaccination Verification Mode","generation":"generated"},{"extension":[{"url":"http://hl7.org/fhir/tools/StructureDefinition/ig-page-name","valueUrl":"CodeSystem-RespuestaSiNoNoSabeCS.html"}],"nameUrl":"CodeSystem-RespuestaSiNoNoSabeCS.html","title":"Simple Answers","generation":"generated"},{"extension":[{"url":"http://hl7.org/fhir/tools/StructureDefinition/ig-page-name","valueUrl":"CodeSystem-SistemaClasfCausalidadCS.html"}],"nameUrl":"CodeSystem-SistemaClasfCausalidadCS.html","title":"Type of Causality Classification Method","generation":"generated"},{"extension":[{"url":"http://hl7.org/fhir/tools/StructureDefinition/ig-page-name","valueUrl":"CodeSystem-ProfesionalNotificadorCS.html"}],"nameUrl":"CodeSystem-ProfesionalNotificadorCS.html","title":"Type of Notifying Professional","generation":"generated"},{"extension":[{"url":"http://hl7.org/fhir/tools/StructureDefinition/ig-page-name","valueUrl":"CodeSystem-CodeWhoManufacturerCS.html"}],"nameUrl":"CodeSystem-CodeWhoManufacturerCS.html","title":"Vaccine Manufacturer","generation":"generated"},{"extension":[{"url":"http://hl7.org/fhir/tools/StructureDefinition/ig-page-name","valueUrl":"CodeSystem-ClasificacionDesenlaceWHOAEFICS.html"}],"nameUrl":"CodeSystem-ClasificacionDesenlaceWHOAEFICS.html","title":"WHO-AEFI causality classification","generation":"generated"},{"extension":[{"url":"http://hl7.org/fhir/tools/StructureDefinition/ig-page-name","valueUrl":"CodeSystem-ClasificacionDesenlaceWHOUMCCS.html"}],"nameUrl":"CodeSystem-ClasificacionDesenlaceWHOUMCCS.html","title":"WHO-UMC Causality Classification","generation":"generated"},{"extension":[{"url":"http://hl7.org/fhir/tools/StructureDefinition/ig-page-name","valueUrl":"QuestionnaireResponse-ejDosNuevo.html"}],"nameUrl":"QuestionnaireResponse-ejDosNuevo.html","title":"ejDosNuevo","generation":"generated"},{"extension":[{"url":"http://hl7.org/fhir/tools/StructureDefinition/ig-page-name","valueUrl":"QuestionnaireResponse-ejTresNuevo.html"}],"nameUrl":"QuestionnaireResponse-ejTresNuevo.html","title":"ejTresNuevo","generation":"generated"},{"extension":[{"url":"http://hl7.org/fhir/tools/StructureDefinition/ig-page-name","valueUrl":"QuestionnaireResponse-ejUnoNuevo.html"}],"nameUrl":"QuestionnaireResponse-ejUnoNuevo.html","title":"ejUnoNuevo","generation":"generated"},{"extension":[{"url":"http://hl7.org/fhir/tools/StructureDefinition/ig-page-name","valueUrl":"Questionnaire-CuestionarioESAVI.html"}],"nameUrl":"Questionnaire-CuestionarioESAVI.html","title":"ESAVI Questionnaire","generation":"generated"}]},{"extension":[{"url":"http://hl7.org/fhir/tools/StructureDefinition/ig-page-name","valueUrl":"mapeos.html"}],"nameUrl":"mapeos.html","title":"Mapping","generation":"markdown"},{"extension":[{"url":"http://hl7.org/fhir/tools/StructureDefinition/ig-page-name","valueUrl":"terminologias.html"}],"nameUrl":"terminologias.html","title":"Terminologies","generation":"markdown"},{"extension":[{"url":"http://hl7.org/fhir/tools/StructureDefinition/ig-page-name","valueUrl":"descargas.html"}],"nameUrl":"descargas.html","title":"Download","generation":"markdown"},{"extension":[{"url":"http://hl7.org/fhir/tools/StructureDefinition/ig-page-name","valueUrl":"generalidades.html"}],"nameUrl":"generalidades.html","title":"Generalities","generation":"markdown"},{"extension":[{"url":"http://hl7.org/fhir/tools/StructureDefinition/ig-page-name","valueUrl":"consideraciones.html"}],"nameUrl":"consideraciones.html","title":"Considerations","generation":"markdown"},{"extension":[{"url":"http://hl7.org/fhir/tools/StructureDefinition/ig-page-name","valueUrl":"operaciones.html"}],"nameUrl":"operaciones.html","title":"Operations","generation":"markdown"},{"extension":[{"url":"http://hl7.org/fhir/tools/StructureDefinition/ig-page-name","valueUrl":"seguridad.html"}],"nameUrl":"seguridad.html","title":"Security","generation":"markdown"}]},"parameter":[{"code":"path-resource","value":"input/capabilities"},{"code":"path-resource","value":"input/examples"},{"code":"path-resource","value":"input/extensions"},{"code":"path-resource","value":"input/models"},{"code":"path-resource","value":"input/operations"},{"code":"path-resource","value":"input/profiles"},{"code":"path-resource","value":"input/resources"},{"code":"path-resource","value":"input/vocabulary"},{"code":"path-resource","value":"input/maps"},{"code":"path-resource","value":"input/testing"},{"code":"path-resource","value":"input/history"},{"code":"path-resource","value":"fsh-generated/resources"},{"code":"path-pages","value":"template/config"},{"code":"path-pages","value":"input/images"},{"code":"path-tx-cache","value":"input-cache/txcache"}]}}