{
  "resourceType" : "CodeSystem",
  "id" : "ProfesionalNotificadorCS",
  "text" : {
    "status" : "generated",
    "div" : "<div xmlns=\"http://www.w3.org/1999/xhtml\"><p>This case-insensitive code system <code>https://paho.org/fhir/esavi/CodeSystem/ProfesionalNotificadorCS</code> defines the following codes:</p><table class=\"codes\"><tr><td style=\"white-space:nowrap\"><b>Code</b></td><td><b>Display</b></td></tr><tr><td style=\"white-space:nowrap\">1<a name=\"ProfesionalNotificadorCS-1\"> </a></td><td>Doctor</td></tr><tr><td style=\"white-space:nowrap\">2<a name=\"ProfesionalNotificadorCS-2\"> </a></td><td>Pharmacist</td></tr><tr><td style=\"white-space:nowrap\">3<a name=\"ProfesionalNotificadorCS-3\"> </a></td><td>Other Profession related to Health</td></tr><tr><td style=\"white-space:nowrap\">4<a name=\"ProfesionalNotificadorCS-4\"> </a></td><td>Lawyer</td></tr><tr><td style=\"white-space:nowrap\">5<a name=\"ProfesionalNotificadorCS-5\"> </a></td><td>User or other non-health professional</td></tr><tr><td style=\"white-space:nowrap\">6<a name=\"ProfesionalNotificadorCS-6\"> </a></td><td>Not user defined</td></tr></table></div>"
  },
  "url" : "https://paho.org/fhir/esavi/CodeSystem/ProfesionalNotificadorCS",
  "version" : "0.1.44",
  "name" : "ProfesionalNotificadorCS",
  "title" : "Type of Notifying Professional",
  "status" : "active",
  "experimental" : false,
  "date" : "2022-02-02",
  "publisher" : "ESAVI -",
  "contact" : [{
    "name" : "ESAVI -",
    "telecom" : [{
      "system" : "url",
      "value" : "https://covid-19pharmacovigilance.paho.org/resources/updates-on-aefi"
    },
    {
      "system" : "email",
      "value" : "rizzatodan@paho.org"
    }]
  }],
  "description" : "ESAVI Notifier Type Codes for PAHO",
  "jurisdiction" : [{
    "coding" : [{
      "system" : "http://unstats.un.org/unsd/methods/m49/m49.htm",
      "code" : "001"
    }]
  }],
  "caseSensitive" : false,
  "content" : "complete",
  "count" : 6,
  "concept" : [{
    "code" : "1",
    "display" : "Doctor"
  },
  {
    "code" : "2",
    "display" : "Pharmacist"
  },
  {
    "code" : "3",
    "display" : "Other Profession related to Health"
  },
  {
    "code" : "4",
    "display" : "Lawyer"
  },
  {
    "code" : "5",
    "display" : "User or other non-health professional"
  },
  {
    "code" : "6",
    "display" : "Not user defined"
  }]
}